17-57-25_22-10-2024  - INFO - ChromTroller.py - Loaded chromtroller settings successfully
17-57-25_22-10-2024  - INFO - ChromTroller.py - Set RunLog path successfully
17-57-25_22-10-2024  - INFO - ct_server.py - Server loaded connection ids from .json file successfully
17-57-25_22-10-2024  - INFO - ct_server.py - Server listening on port: 10989
17-57-25_22-10-2024  - INFO - ChromTroller.py - Server Initialization: SUCCESS 
17-57-25_22-10-2024  - INFO - ct_controller.py - Loaded hardware settings successfully
17-57-27_22-10-2024  - INFO - ct_controller.py - Phase sensor monitoring started on separate thread.
17-57-27_22-10-2024  - INFO - ct_controller.py - Controller Object Initialized Successfully
17-57-27_22-10-2024  - INFO - ChromTroller.py - Controller Connection: SUCCESS 
17-59-33_22-10-2024  - INFO - ct_server.py - Client connected at 17:59:33_22-10-2024
18-56-40_22-10-2024  - INFO - ChromTroller.py - Command received: new_run_name with data: 1
18-56-40_22-10-2024  - INFO - ChromTroller.py - New RunLog created: 1
18-56-40_22-10-2024  - INFO - ChromTroller.py - Command received: set_run_conc with data: 0.03815961744169103
18-56-40_22-10-2024  - INFO - ChromTroller.py - Command received: add_reagents with data: ['Polystyrene', 0.03815961744169103, 'tBuOOH', 7.774006521786932, 'NBS', 0.1260258849715704]
18-56-40_22-10-2024  - INFO - ChromTroller.py - RunLog updated with reagents: ['Polystyrene', 0.03815961744169103, 'tBuOOH', 7.774006521786932, 'NBS', 0.1260258849715704]
18-56-40_22-10-2024  - INFO - ChromTroller.py - Command received: add_reaction_conditions with data: {'residence_time': 2141.0724353797673, 'light_intensity': 35.64144566401038}
18-56-40_22-10-2024  - INFO - ChromTroller.py - RunLog updated with conditions: {'residence_time': 2141.0724353797673, 'light_intensity': 35.64144566401038}
18-56-40_22-10-2024  - INFO - ChromTroller.py - Command received: start_hplc_run with data: None
18-56-40_22-10-2024  - INFO - ChromTroller.py - HPLC analysis initiated
18-56-40_22-10-2024  - INFO - ct_controller.py - {'HPLC_analysis': 'INITIATED'}
18-56-40_22-10-2024  - INFO - ct_controller.py - {'hardware_connection_check': {'Arduino': 'SUCCESS', 'Valve': 'SUCCESS', 'Phase_Sensor': 'SUCCESS', 'LCMS': 'SUCCESS'}}
18-56-40_22-10-2024  - INFO - ct_controller.py - {'filling_pos_check': 'SUCCESS'}
18-56-40_22-10-2024  - INFO - ct_controller.py - {'ps_sample_detection': 'BYPASSED'}
18-56-40_22-10-2024  - INFO - ct_controller.py - {'send_start_signal': 'SUCCESS'}
18-56-40_22-10-2024  - INFO - ct_controller.py - {'start_request_acknowledged': 'INITIATED'}
18-56-40_22-10-2024  - INFO - ct_controller.py - {'start_request_acknowledged': 'SUCCESS'}
18-56-41_22-10-2024  - INFO - ct_controller.py - {'start_signal': 'WAITING'}
18-57-01_22-10-2024  - INFO - ct_controller.py - {'start_signal': 'SUCCESS'}
18-57-01_22-10-2024  - INFO - ct_controller.py - {'valve_switched_to_load': 'INITIATED'}
18-57-01_22-10-2024  - INFO - ct_controller.py - {'valve_switched_to_load': 'SUCCESS'}
18-57-01_22-10-2024  - INFO - ct_controller.py - {'sample_loading': 'WAITING'}
18-57-26_22-10-2024  - INFO - ct_controller.py - {'sample_loading': 'SUCCESS'}
18-57-27_22-10-2024  - INFO - ct_controller.py - {'valve_returned_to_bypass': 'SUCCESS'}
18-57-27_22-10-2024  - INFO - ct_controller.py - {'analysis_cycle_started': 'SUCCESS'}
18-57-27_22-10-2024  - INFO - ChromTroller.py - HPLC analysis initiation: SUCCESS
18-57-27_22-10-2024  - INFO - ct_server.py - Response sent to client: SUCCESS
18-57-27_22-10-2024  - INFO - ChromTroller.py - Command received: start_file_monitoring with data: None
18-57-27_22-10-2024  - INFO - ChromTroller.py - Current results directory set to: D:\CDSProjects\Polymer_Degradation\Results\PS_optimisation_campaign_23October2024.rslt
18-57-27_22-10-2024  - INFO - ChromTroller.py - File Monitoring Started.
19-04-04_22-10-2024  - INFO - ct_monitor.py - New File identified by ct_monitor: Run1_sample04.dx
19-04-04_22-10-2024  - INFO - ct_monitor.py - Run1_sample04.dx
19-04-04_22-10-2024  - INFO - ChromTroller.py - New File Found: Run1_sample04.dx
19-04-04_22-10-2024  - INFO - ct_server.py - Response sent to client: Run1_sample04.dx
19-04-04_22-10-2024  - INFO - ChromTroller.py - Command received: run_data_analysis with data: 3.96
19-04-04_22-10-2024  - INFO - ChromTroller.py - Current results directory set to: D:\CDSProjects\Polymer_Degradation\Results\PS_optimisation_campaign_23October2024.rslt
19-04-04_22-10-2024  - INFO - ct_analyser.py - loaded analysis settings from json
19-04-04_22-10-2024  - INFO - ct_analyser.py - settings object created from analysis json
19-04-04_22-10-2024  - INFO - ct_analyser.py - Analyser Object Initialized Successfully
19-04-07_22-10-2024  - INFO - ChromTroller.py - Identified Peak: {'peak_rt': 3.964, 'integral': 31985743.092256445}
19-04-07_22-10-2024  - INFO - ct_server.py - Response sent to client: {'peak_rt': 3.964, 'integral': 31985743.092256445}
19-04-07_22-10-2024  - INFO - ct_server.py - Client disconnected at 19:04:07_22-10-2024
19-04-28_22-10-2024  - INFO - ct_server.py - Client connected at 19:04:28_22-10-2024
20-11-46_22-10-2024  - INFO - ChromTroller.py - Command received: new_run_name with data: 2
20-11-46_22-10-2024  - INFO - ChromTroller.py - New RunLog created: 2
20-11-46_22-10-2024  - INFO - ChromTroller.py - Command received: set_run_conc with data: 0.04836809094721337
20-11-46_22-10-2024  - INFO - ChromTroller.py - Command received: add_reagents with data: ['Polystyrene', 0.04836809094721337, 'tBuOOH', 4.55994729496032, 'NBS', 0.22634393548631992]
20-11-46_22-10-2024  - INFO - ChromTroller.py - RunLog updated with reagents: ['Polystyrene', 0.04836809094721337, 'tBuOOH', 4.55994729496032, 'NBS', 0.22634393548631992]
20-11-46_22-10-2024  - INFO - ChromTroller.py - Command received: add_reaction_conditions with data: {'residence_time': 2789.224841933161, 'light_intensity': 70.70314823692478}
20-11-46_22-10-2024  - INFO - ChromTroller.py - RunLog updated with conditions: {'residence_time': 2789.224841933161, 'light_intensity': 70.70314823692478}
20-11-46_22-10-2024  - INFO - ChromTroller.py - Command received: start_hplc_run with data: None
20-11-46_22-10-2024  - INFO - ChromTroller.py - HPLC analysis initiated
20-11-46_22-10-2024  - INFO - ct_controller.py - {'HPLC_analysis': 'INITIATED'}
20-11-46_22-10-2024  - INFO - ct_controller.py - {'hardware_connection_check': {'Arduino': 'SUCCESS', 'Valve': 'SUCCESS', 'Phase_Sensor': 'SUCCESS', 'LCMS': 'SUCCESS'}}
20-11-46_22-10-2024  - INFO - ct_controller.py - {'filling_pos_check': 'SUCCESS'}
20-11-46_22-10-2024  - INFO - ct_controller.py - {'ps_sample_detection': 'BYPASSED'}
20-11-46_22-10-2024  - INFO - ct_controller.py - {'send_start_signal': 'SUCCESS'}
20-11-46_22-10-2024  - INFO - ct_controller.py - {'start_request_acknowledged': 'INITIATED'}
20-11-46_22-10-2024  - INFO - ct_controller.py - {'start_request_acknowledged': 'SUCCESS'}
20-11-47_22-10-2024  - INFO - ct_controller.py - {'start_signal': 'WAITING'}
20-12-07_22-10-2024  - INFO - ct_controller.py - {'start_signal': 'SUCCESS'}
20-12-07_22-10-2024  - INFO - ct_controller.py - {'valve_switched_to_load': 'INITIATED'}
20-12-07_22-10-2024  - INFO - ct_controller.py - {'valve_switched_to_load': 'SUCCESS'}
20-12-07_22-10-2024  - INFO - ct_controller.py - {'sample_loading': 'WAITING'}
20-12-32_22-10-2024  - INFO - ct_controller.py - {'sample_loading': 'SUCCESS'}
20-12-33_22-10-2024  - INFO - ct_controller.py - {'valve_returned_to_bypass': 'SUCCESS'}
20-12-33_22-10-2024  - INFO - ct_controller.py - {'analysis_cycle_started': 'SUCCESS'}
20-12-33_22-10-2024  - INFO - ChromTroller.py - HPLC analysis initiation: SUCCESS
20-12-33_22-10-2024  - INFO - ct_server.py - Response sent to client: SUCCESS
20-12-33_22-10-2024  - INFO - ChromTroller.py - Command received: start_file_monitoring with data: None
20-12-33_22-10-2024  - INFO - ChromTroller.py - Current results directory set to: D:\CDSProjects\Polymer_Degradation\Results\PS_optimisation_campaign_23October2024.rslt
20-12-33_22-10-2024  - INFO - ChromTroller.py - File Monitoring Started.
20-19-10_22-10-2024  - INFO - ct_monitor.py - New File identified by ct_monitor: Run2_sample06.dx
20-19-10_22-10-2024  - INFO - ct_monitor.py - Run2_sample06.dx
20-19-11_22-10-2024  - INFO - ChromTroller.py - New File Found: Run2_sample06.dx
20-19-11_22-10-2024  - INFO - ct_server.py - Response sent to client: Run2_sample06.dx
20-19-11_22-10-2024  - INFO - ChromTroller.py - Command received: run_data_analysis with data: 3.96
20-19-11_22-10-2024  - INFO - ChromTroller.py - Current results directory set to: D:\CDSProjects\Polymer_Degradation\Results\PS_optimisation_campaign_23October2024.rslt
20-19-11_22-10-2024  - INFO - ct_analyser.py - loaded analysis settings from json
20-19-11_22-10-2024  - INFO - ct_analyser.py - settings object created from analysis json
20-19-11_22-10-2024  - INFO - ct_analyser.py - Analyser Object Initialized Successfully
20-19-13_22-10-2024  - INFO - ChromTroller.py - Identified Peak: {'peak_rt': 3.954, 'integral': 254041810.73620093}
20-19-13_22-10-2024  - INFO - ct_server.py - Response sent to client: {'peak_rt': 3.954, 'integral': 254041810.73620093}
20-19-13_22-10-2024  - INFO - ct_server.py - Client disconnected at 20:19:13_22-10-2024
20-19-35_22-10-2024  - INFO - ct_server.py - Client connected at 20:19:35_22-10-2024
21-21-14_22-10-2024  - INFO - ChromTroller.py - Command received: new_run_name with data: 3
21-21-14_22-10-2024  - INFO - ChromTroller.py - New RunLog created: 3
21-21-14_22-10-2024  - INFO - ChromTroller.py - Command received: set_run_conc with data: 0.02436509835779209
21-21-14_22-10-2024  - INFO - ChromTroller.py - Command received: add_reagents with data: ['Polystyrene', 0.02436509835779209, 'tBuOOH', 9.662701160775384, 'NBS', 0.0657941258035496]
21-21-14_22-10-2024  - INFO - ChromTroller.py - RunLog updated with reagents: ['Polystyrene', 0.02436509835779209, 'tBuOOH', 9.662701160775384, 'NBS', 0.0657941258035496]
21-21-14_22-10-2024  - INFO - ChromTroller.py - Command received: add_reaction_conditions with data: {'residence_time': 2453.209596148118, 'light_intensity': 52.07551237707367}
21-21-14_22-10-2024  - INFO - ChromTroller.py - RunLog updated with conditions: {'residence_time': 2453.209596148118, 'light_intensity': 52.07551237707367}
21-21-14_22-10-2024  - INFO - ChromTroller.py - Command received: start_hplc_run with data: None
21-21-14_22-10-2024  - INFO - ChromTroller.py - HPLC analysis initiated
21-21-14_22-10-2024  - INFO - ct_controller.py - {'HPLC_analysis': 'INITIATED'}
21-21-14_22-10-2024  - INFO - ct_controller.py - {'hardware_connection_check': {'Arduino': 'SUCCESS', 'Valve': 'SUCCESS', 'Phase_Sensor': 'SUCCESS', 'LCMS': 'SUCCESS'}}
21-21-14_22-10-2024  - INFO - ct_controller.py - {'filling_pos_check': 'SUCCESS'}
21-21-14_22-10-2024  - INFO - ct_controller.py - {'ps_sample_detection': 'BYPASSED'}
21-21-14_22-10-2024  - INFO - ct_controller.py - {'send_start_signal': 'SUCCESS'}
21-21-14_22-10-2024  - INFO - ct_controller.py - {'start_request_acknowledged': 'INITIATED'}
21-21-14_22-10-2024  - INFO - ct_controller.py - {'start_request_acknowledged': 'SUCCESS'}
21-21-14_22-10-2024  - INFO - ct_controller.py - {'start_signal': 'WAITING'}
21-21-34_22-10-2024  - INFO - ct_controller.py - {'start_signal': 'SUCCESS'}
21-21-34_22-10-2024  - INFO - ct_controller.py - {'valve_switched_to_load': 'INITIATED'}
21-21-35_22-10-2024  - INFO - ct_controller.py - {'valve_switched_to_load': 'SUCCESS'}
21-21-35_22-10-2024  - INFO - ct_controller.py - {'sample_loading': 'WAITING'}
21-22-00_22-10-2024  - INFO - ct_controller.py - {'sample_loading': 'SUCCESS'}
21-22-00_22-10-2024  - INFO - ct_controller.py - {'valve_returned_to_bypass': 'SUCCESS'}
21-22-00_22-10-2024  - INFO - ct_controller.py - {'analysis_cycle_started': 'SUCCESS'}
21-22-00_22-10-2024  - INFO - ChromTroller.py - HPLC analysis initiation: SUCCESS
21-22-00_22-10-2024  - INFO - ct_server.py - Response sent to client: SUCCESS
21-22-00_22-10-2024  - INFO - ChromTroller.py - Command received: start_file_monitoring with data: None
21-22-00_22-10-2024  - INFO - ChromTroller.py - Current results directory set to: D:\CDSProjects\Polymer_Degradation\Results\PS_optimisation_campaign_23October2024.rslt
21-22-00_22-10-2024  - INFO - ChromTroller.py - File Monitoring Started.
21-28-39_22-10-2024  - INFO - ct_monitor.py - New File identified by ct_monitor: Run3_sample08.dx
21-28-39_22-10-2024  - INFO - ct_monitor.py - Run3_sample08.dx
21-28-39_22-10-2024  - INFO - ChromTroller.py - New File Found: Run3_sample08.dx
21-28-39_22-10-2024  - INFO - ct_server.py - Response sent to client: Run3_sample08.dx
21-28-39_22-10-2024  - INFO - ChromTroller.py - Command received: run_data_analysis with data: 3.96
21-28-39_22-10-2024  - INFO - ChromTroller.py - Current results directory set to: D:\CDSProjects\Polymer_Degradation\Results\PS_optimisation_campaign_23October2024.rslt
21-28-39_22-10-2024  - INFO - ct_analyser.py - loaded analysis settings from json
21-28-39_22-10-2024  - INFO - ct_analyser.py - settings object created from analysis json
21-28-39_22-10-2024  - INFO - ct_analyser.py - Analyser Object Initialized Successfully
21-28-41_22-10-2024  - INFO - ChromTroller.py - Identified Peak: None
21-28-41_22-10-2024  - INFO - ct_server.py - Response sent to client: {'peak_rt': None, 'integral': None}
21-28-41_22-10-2024  - INFO - ct_server.py - Client disconnected at 21:28:41_22-10-2024
21-29-03_22-10-2024  - INFO - ct_server.py - Client connected at 21:29:03_22-10-2024
22-43-23_22-10-2024  - INFO - ChromTroller.py - Command received: new_run_name with data: 4
22-43-23_22-10-2024  - INFO - ChromTroller.py - New RunLog created: 4
22-43-23_22-10-2024  - INFO - ChromTroller.py - Command received: set_run_conc with data: 0.09762413265430625
22-43-23_22-10-2024  - INFO - ChromTroller.py - Command received: add_reagents with data: ['Polystyrene', 0.09762413265430625, 'tBuOOH', 7.090053370395334, 'NBS', 0.18842982687197046]
22-43-23_22-10-2024  - INFO - ChromTroller.py - RunLog updated with reagents: ['Polystyrene', 0.09762413265430625, 'tBuOOH', 7.090053370395334, 'NBS', 0.18842982687197046]
22-43-23_22-10-2024  - INFO - ChromTroller.py - Command received: add_reaction_conditions with data: {'residence_time': 3155.2766318280865, 'light_intensity': 55.50828055291398}
22-43-23_22-10-2024  - INFO - ChromTroller.py - RunLog updated with conditions: {'residence_time': 3155.2766318280865, 'light_intensity': 55.50828055291398}
22-43-23_22-10-2024  - INFO - ChromTroller.py - Command received: start_hplc_run with data: None
22-43-23_22-10-2024  - INFO - ChromTroller.py - HPLC analysis initiated
22-43-23_22-10-2024  - INFO - ct_controller.py - {'HPLC_analysis': 'INITIATED'}
22-43-23_22-10-2024  - INFO - ct_controller.py - {'hardware_connection_check': {'Arduino': 'SUCCESS', 'Valve': 'SUCCESS', 'Phase_Sensor': 'SUCCESS', 'LCMS': 'SUCCESS'}}
22-43-23_22-10-2024  - INFO - ct_controller.py - {'filling_pos_check': 'SUCCESS'}
22-43-23_22-10-2024  - INFO - ct_controller.py - {'ps_sample_detection': 'BYPASSED'}
22-43-23_22-10-2024  - INFO - ct_controller.py - {'send_start_signal': 'SUCCESS'}
22-43-23_22-10-2024  - INFO - ct_controller.py - {'start_request_acknowledged': 'INITIATED'}
22-43-23_22-10-2024  - INFO - ct_controller.py - {'start_request_acknowledged': 'SUCCESS'}
22-43-24_22-10-2024  - INFO - ct_controller.py - {'start_signal': 'WAITING'}
22-43-44_22-10-2024  - INFO - ct_controller.py - {'start_signal': 'SUCCESS'}
22-43-44_22-10-2024  - INFO - ct_controller.py - {'valve_switched_to_load': 'INITIATED'}
22-43-45_22-10-2024  - INFO - ct_controller.py - {'valve_switched_to_load': 'SUCCESS'}
22-43-45_22-10-2024  - INFO - ct_controller.py - {'sample_loading': 'WAITING'}
22-44-10_22-10-2024  - INFO - ct_controller.py - {'sample_loading': 'SUCCESS'}
22-44-10_22-10-2024  - INFO - ct_controller.py - {'valve_returned_to_bypass': 'SUCCESS'}
22-44-10_22-10-2024  - INFO - ct_controller.py - {'analysis_cycle_started': 'SUCCESS'}
22-44-10_22-10-2024  - INFO - ChromTroller.py - HPLC analysis initiation: SUCCESS
22-44-10_22-10-2024  - INFO - ct_server.py - Response sent to client: SUCCESS
22-44-10_22-10-2024  - INFO - ChromTroller.py - Command received: start_file_monitoring with data: None
22-44-10_22-10-2024  - INFO - ChromTroller.py - Current results directory set to: D:\CDSProjects\Polymer_Degradation\Results\PS_optimisation_campaign_23October2024.rslt
22-44-10_22-10-2024  - INFO - ChromTroller.py - File Monitoring Started.
22-50-48_22-10-2024  - INFO - ct_monitor.py - New File identified by ct_monitor: Run4_sample10.dx
22-50-48_22-10-2024  - INFO - ct_monitor.py - Run4_sample10.dx
22-50-49_22-10-2024  - INFO - ChromTroller.py - New File Found: Run4_sample10.dx
22-50-49_22-10-2024  - INFO - ct_server.py - Response sent to client: Run4_sample10.dx
22-50-49_22-10-2024  - INFO - ChromTroller.py - Command received: run_data_analysis with data: 3.96
22-50-49_22-10-2024  - INFO - ChromTroller.py - Current results directory set to: D:\CDSProjects\Polymer_Degradation\Results\PS_optimisation_campaign_23October2024.rslt
22-50-49_22-10-2024  - INFO - ct_analyser.py - loaded analysis settings from json
22-50-49_22-10-2024  - INFO - ct_analyser.py - settings object created from analysis json
22-50-49_22-10-2024  - INFO - ct_analyser.py - Analyser Object Initialized Successfully
22-50-51_22-10-2024  - INFO - ChromTroller.py - Identified Peak: {'peak_rt': 3.952, 'integral': 463323407.2649969}
22-50-51_22-10-2024  - INFO - ct_server.py - Response sent to client: {'peak_rt': 3.952, 'integral': 463323407.2649969}
22-50-51_22-10-2024  - INFO - ct_server.py - Client disconnected at 22:50:51_22-10-2024
22-51-17_22-10-2024  - INFO - ct_server.py - Client connected at 22:51:17_22-10-2024
00-14-36_23-10-2024  - INFO - ChromTroller.py - Command received: new_run_name with data: 5
00-14-36_23-10-2024  - INFO - ChromTroller.py - New RunLog created: 5
00-14-36_23-10-2024  - INFO - ChromTroller.py - Command received: set_run_conc with data: 0.08219703019623857
00-14-36_23-10-2024  - INFO - ChromTroller.py - Command received: add_reagents with data: ['Polystyrene', 0.08219703019623857, 'tBuOOH', 6.41153229461732, 'NBS', 0.27913963534508557]
00-14-36_23-10-2024  - INFO - ChromTroller.py - RunLog updated with reagents: ['Polystyrene', 0.08219703019623857, 'tBuOOH', 6.41153229461732, 'NBS', 0.27913963534508557]
00-14-36_23-10-2024  - INFO - ChromTroller.py - Command received: add_reaction_conditions with data: {'residence_time': 3391.915373578385, 'light_intensity': 19.865160239267134}
00-14-36_23-10-2024  - INFO - ChromTroller.py - RunLog updated with conditions: {'residence_time': 3391.915373578385, 'light_intensity': 19.865160239267134}
00-14-36_23-10-2024  - INFO - ChromTroller.py - Command received: start_hplc_run with data: None
00-14-36_23-10-2024  - INFO - ChromTroller.py - HPLC analysis initiated
00-14-36_23-10-2024  - INFO - ct_controller.py - {'HPLC_analysis': 'INITIATED'}
00-14-36_23-10-2024  - INFO - ct_controller.py - {'hardware_connection_check': {'Arduino': 'SUCCESS', 'Valve': 'SUCCESS', 'Phase_Sensor': 'SUCCESS', 'LCMS': 'SUCCESS'}}
00-14-36_23-10-2024  - INFO - ct_controller.py - {'filling_pos_check': 'SUCCESS'}
00-14-36_23-10-2024  - INFO - ct_controller.py - {'ps_sample_detection': 'BYPASSED'}
00-14-36_23-10-2024  - INFO - ct_controller.py - {'send_start_signal': 'SUCCESS'}
00-14-36_23-10-2024  - INFO - ct_controller.py - {'start_request_acknowledged': 'INITIATED'}
00-14-36_23-10-2024  - INFO - ct_controller.py - {'start_request_acknowledged': 'SUCCESS'}
00-14-37_23-10-2024  - INFO - ct_controller.py - {'start_signal': 'WAITING'}
00-14-57_23-10-2024  - INFO - ct_controller.py - {'start_signal': 'SUCCESS'}
00-14-57_23-10-2024  - INFO - ct_controller.py - {'valve_switched_to_load': 'INITIATED'}
00-14-57_23-10-2024  - INFO - ct_controller.py - {'valve_switched_to_load': 'SUCCESS'}
00-14-57_23-10-2024  - INFO - ct_controller.py - {'sample_loading': 'WAITING'}
00-15-22_23-10-2024  - INFO - ct_controller.py - {'sample_loading': 'SUCCESS'}
00-15-23_23-10-2024  - INFO - ct_controller.py - {'valve_returned_to_bypass': 'SUCCESS'}
00-15-23_23-10-2024  - INFO - ct_controller.py - {'analysis_cycle_started': 'SUCCESS'}
00-15-23_23-10-2024  - INFO - ChromTroller.py - HPLC analysis initiation: SUCCESS
00-15-23_23-10-2024  - INFO - ct_server.py - Response sent to client: SUCCESS
00-15-23_23-10-2024  - INFO - ChromTroller.py - Command received: start_file_monitoring with data: None
00-15-23_23-10-2024  - INFO - ChromTroller.py - Current results directory set to: D:\CDSProjects\Polymer_Degradation\Results\PS_optimisation_campaign_23October2024.rslt
00-15-23_23-10-2024  - INFO - ChromTroller.py - File Monitoring Started.
00-22-01_23-10-2024  - INFO - ct_monitor.py - New File identified by ct_monitor: Run5_sample12.dx
00-22-01_23-10-2024  - INFO - ct_monitor.py - Run5_sample12.dx
00-22-02_23-10-2024  - INFO - ChromTroller.py - New File Found: Run5_sample12.dx
00-22-02_23-10-2024  - INFO - ct_server.py - Response sent to client: Run5_sample12.dx
00-22-02_23-10-2024  - INFO - ChromTroller.py - Command received: run_data_analysis with data: 3.96
00-22-02_23-10-2024  - INFO - ChromTroller.py - Current results directory set to: D:\CDSProjects\Polymer_Degradation\Results\PS_optimisation_campaign_23October2024.rslt
00-22-02_23-10-2024  - INFO - ct_analyser.py - loaded analysis settings from json
00-22-02_23-10-2024  - INFO - ct_analyser.py - settings object created from analysis json
00-22-02_23-10-2024  - INFO - ct_analyser.py - Analyser Object Initialized Successfully
00-22-04_23-10-2024  - INFO - ChromTroller.py - Identified Peak: {'peak_rt': 3.95, 'integral': 246329702.93910062}
00-22-04_23-10-2024  - INFO - ct_server.py - Response sent to client: {'peak_rt': 3.95, 'integral': 246329702.93910062}
00-22-04_23-10-2024  - INFO - ct_server.py - Client disconnected at 00:22:04_23-10-2024
00-22-26_23-10-2024  - INFO - ct_server.py - Client connected at 00:22:26_23-10-2024
01-12-24_23-10-2024  - INFO - ChromTroller.py - Command received: new_run_name with data: 6
01-12-24_23-10-2024  - INFO - ChromTroller.py - New RunLog created: 6
01-12-24_23-10-2024  - INFO - ChromTroller.py - Command received: set_run_conc with data: 0.05570963423487629
01-12-24_23-10-2024  - INFO - ChromTroller.py - Command received: add_reagents with data: ['Polystyrene', 0.05570963423487629, 'tBuOOH', 3.5057329702670152, 'NBS', 0.17387067310678234]
01-12-24_23-10-2024  - INFO - ChromTroller.py - RunLog updated with reagents: ['Polystyrene', 0.05570963423487629, 'tBuOOH', 3.5057329702670152, 'NBS', 0.17387067310678234]
01-12-24_23-10-2024  - INFO - ChromTroller.py - Command received: add_reaction_conditions with data: {'residence_time': 1900.23972919236, 'light_intensity': 94.12894409238986}
01-12-24_23-10-2024  - INFO - ChromTroller.py - RunLog updated with conditions: {'residence_time': 1900.23972919236, 'light_intensity': 94.12894409238986}
01-12-24_23-10-2024  - INFO - ChromTroller.py - Command received: start_hplc_run with data: None
01-12-24_23-10-2024  - INFO - ChromTroller.py - HPLC analysis initiated
01-12-24_23-10-2024  - INFO - ct_controller.py - {'HPLC_analysis': 'INITIATED'}
01-12-24_23-10-2024  - INFO - ct_controller.py - {'hardware_connection_check': {'Arduino': 'SUCCESS', 'Valve': 'SUCCESS', 'Phase_Sensor': 'SUCCESS', 'LCMS': 'SUCCESS'}}
01-12-24_23-10-2024  - INFO - ct_controller.py - {'filling_pos_check': 'SUCCESS'}
01-12-24_23-10-2024  - INFO - ct_controller.py - {'ps_sample_detection': 'BYPASSED'}
01-12-25_23-10-2024  - INFO - ct_controller.py - {'send_start_signal': 'SUCCESS'}
01-12-25_23-10-2024  - INFO - ct_controller.py - {'start_request_acknowledged': 'INITIATED'}
01-12-25_23-10-2024  - INFO - ct_controller.py - {'start_request_acknowledged': 'SUCCESS'}
01-12-25_23-10-2024  - INFO - ct_controller.py - {'start_signal': 'WAITING'}
01-12-45_23-10-2024  - INFO - ct_controller.py - {'start_signal': 'SUCCESS'}
01-12-45_23-10-2024  - INFO - ct_controller.py - {'valve_switched_to_load': 'INITIATED'}
01-12-45_23-10-2024  - INFO - ct_controller.py - {'valve_switched_to_load': 'SUCCESS'}
01-12-45_23-10-2024  - INFO - ct_controller.py - {'sample_loading': 'WAITING'}
01-13-10_23-10-2024  - INFO - ct_controller.py - {'sample_loading': 'SUCCESS'}
01-13-11_23-10-2024  - INFO - ct_controller.py - {'valve_returned_to_bypass': 'SUCCESS'}
01-13-11_23-10-2024  - INFO - ct_controller.py - {'analysis_cycle_started': 'SUCCESS'}
01-13-11_23-10-2024  - INFO - ChromTroller.py - HPLC analysis initiation: SUCCESS
01-13-11_23-10-2024  - INFO - ct_server.py - Response sent to client: SUCCESS
01-13-11_23-10-2024  - INFO - ChromTroller.py - Command received: start_file_monitoring with data: None
01-13-11_23-10-2024  - INFO - ChromTroller.py - Current results directory set to: D:\CDSProjects\Polymer_Degradation\Results\PS_optimisation_campaign_23October2024.rslt
01-13-11_23-10-2024  - INFO - ChromTroller.py - File Monitoring Started.
01-19-48_23-10-2024  - INFO - ct_monitor.py - New File identified by ct_monitor: Run6_sample14.dx
01-19-48_23-10-2024  - INFO - ct_monitor.py - Run6_sample14.dx
01-19-48_23-10-2024  - INFO - ChromTroller.py - New File Found: Run6_sample14.dx
01-19-48_23-10-2024  - INFO - ct_server.py - Response sent to client: Run6_sample14.dx
01-19-48_23-10-2024  - INFO - ChromTroller.py - Command received: run_data_analysis with data: 3.96
01-19-48_23-10-2024  - INFO - ChromTroller.py - Current results directory set to: D:\CDSProjects\Polymer_Degradation\Results\PS_optimisation_campaign_23October2024.rslt
01-19-48_23-10-2024  - INFO - ct_analyser.py - loaded analysis settings from json
01-19-48_23-10-2024  - INFO - ct_analyser.py - settings object created from analysis json
01-19-48_23-10-2024  - INFO - ct_analyser.py - Analyser Object Initialized Successfully
01-19-51_23-10-2024  - INFO - ChromTroller.py - Identified Peak: {'peak_rt': 3.957, 'integral': 212193932.1202035}
01-19-51_23-10-2024  - INFO - ct_server.py - Response sent to client: {'peak_rt': 3.957, 'integral': 212193932.1202035}
01-19-51_23-10-2024  - INFO - ct_server.py - Client disconnected at 01:19:51_23-10-2024
01-20-12_23-10-2024  - INFO - ct_server.py - Client connected at 01:20:12_23-10-2024
02-13-28_23-10-2024  - INFO - ChromTroller.py - Command received: new_run_name with data: 7
02-13-28_23-10-2024  - INFO - ChromTroller.py - New RunLog created: 7
02-13-28_23-10-2024  - INFO - ChromTroller.py - Command received: set_run_conc with data: 0.025780600770168263
02-13-28_23-10-2024  - INFO - ChromTroller.py - Command received: add_reagents with data: ['Polystyrene', 0.025780600770168263, 'tBuOOH', 9.765163298315072, 'NBS', 0.08564438723620427]
02-13-28_23-10-2024  - INFO - ChromTroller.py - RunLog updated with reagents: ['Polystyrene', 0.025780600770168263, 'tBuOOH', 9.765163298315072, 'NBS', 0.08564438723620427]
02-13-28_23-10-2024  - INFO - ChromTroller.py - Command received: add_reaction_conditions with data: {'residence_time': 2043.7912942466291, 'light_intensity': 6.230507029855469}
02-13-28_23-10-2024  - INFO - ChromTroller.py - RunLog updated with conditions: {'residence_time': 2043.7912942466291, 'light_intensity': 6.230507029855469}
02-13-28_23-10-2024  - INFO - ChromTroller.py - Command received: start_hplc_run with data: None
02-13-28_23-10-2024  - INFO - ChromTroller.py - HPLC analysis initiated
02-13-28_23-10-2024  - INFO - ct_controller.py - {'HPLC_analysis': 'INITIATED'}
02-13-28_23-10-2024  - INFO - ct_controller.py - {'hardware_connection_check': {'Arduino': 'SUCCESS', 'Valve': 'SUCCESS', 'Phase_Sensor': 'SUCCESS', 'LCMS': 'SUCCESS'}}
02-13-28_23-10-2024  - INFO - ct_controller.py - {'filling_pos_check': 'SUCCESS'}
02-13-28_23-10-2024  - INFO - ct_controller.py - {'ps_sample_detection': 'BYPASSED'}
02-13-28_23-10-2024  - INFO - ct_controller.py - {'send_start_signal': 'SUCCESS'}
02-13-28_23-10-2024  - INFO - ct_controller.py - {'start_request_acknowledged': 'INITIATED'}
02-13-28_23-10-2024  - INFO - ct_controller.py - {'start_request_acknowledged': 'SUCCESS'}
02-13-29_23-10-2024  - INFO - ct_controller.py - {'start_signal': 'WAITING'}
02-13-49_23-10-2024  - INFO - ct_controller.py - {'start_signal': 'SUCCESS'}
02-13-49_23-10-2024  - INFO - ct_controller.py - {'valve_switched_to_load': 'INITIATED'}
02-13-50_23-10-2024  - INFO - ct_controller.py - {'valve_switched_to_load': 'SUCCESS'}
02-13-50_23-10-2024  - INFO - ct_controller.py - {'sample_loading': 'WAITING'}
02-14-15_23-10-2024  - INFO - ct_controller.py - {'sample_loading': 'SUCCESS'}
02-14-15_23-10-2024  - INFO - ct_controller.py - {'valve_returned_to_bypass': 'SUCCESS'}
02-14-15_23-10-2024  - INFO - ct_controller.py - {'analysis_cycle_started': 'SUCCESS'}
02-14-15_23-10-2024  - INFO - ChromTroller.py - HPLC analysis initiation: SUCCESS
02-14-15_23-10-2024  - INFO - ct_server.py - Response sent to client: SUCCESS
02-14-15_23-10-2024  - INFO - ChromTroller.py - Command received: start_file_monitoring with data: None
02-14-15_23-10-2024  - INFO - ChromTroller.py - Current results directory set to: D:\CDSProjects\Polymer_Degradation\Results\PS_optimisation_campaign_23October2024.rslt
02-14-15_23-10-2024  - INFO - ChromTroller.py - File Monitoring Started.
02-20-52_23-10-2024  - INFO - ct_monitor.py - New File identified by ct_monitor: Run7_sample16.dx
02-20-52_23-10-2024  - INFO - ct_monitor.py - Run7_sample16.dx
02-20-53_23-10-2024  - INFO - ChromTroller.py - New File Found: Run7_sample16.dx
02-20-53_23-10-2024  - INFO - ct_server.py - Response sent to client: Run7_sample16.dx
02-20-53_23-10-2024  - INFO - ChromTroller.py - Command received: run_data_analysis with data: 3.96
02-20-53_23-10-2024  - INFO - ChromTroller.py - Current results directory set to: D:\CDSProjects\Polymer_Degradation\Results\PS_optimisation_campaign_23October2024.rslt
02-20-53_23-10-2024  - INFO - ct_analyser.py - loaded analysis settings from json
02-20-53_23-10-2024  - INFO - ct_analyser.py - settings object created from analysis json
02-20-53_23-10-2024  - INFO - ct_analyser.py - Analyser Object Initialized Successfully
02-20-55_23-10-2024  - INFO - ChromTroller.py - Identified Peak: None
02-20-55_23-10-2024  - INFO - ct_server.py - Response sent to client: {'peak_rt': None, 'integral': None}
02-20-55_23-10-2024  - INFO - ct_server.py - Client disconnected at 02:20:55_23-10-2024
11-02-40_23-10-2024  - INFO - ct_server.py - Client connected at 11:02:40_23-10-2024
11-10-27_23-10-2024  - INFO - ct_server.py - Client disconnected at 11:10:27_23-10-2024
11-10-53_23-10-2024  - INFO - ct_server.py - Client connected at 11:10:53_23-10-2024
11-25-40_23-10-2024  - INFO - ChromTroller.py - Command received: new_run_name with data: 1
11-25-40_23-10-2024  - INFO - ChromTroller.py - New RunLog created: 1
11-25-40_23-10-2024  - INFO - ChromTroller.py - Command received: set_run_conc with data: 0.05500000000000001
11-25-40_23-10-2024  - INFO - ChromTroller.py - Command received: add_reagents with data: ['Polystyrene', 0.05500000000000001, 'tBuOOH', 6.5, 'NBS', 0.175]
11-25-40_23-10-2024  - INFO - ChromTroller.py - RunLog updated with reagents: ['Polystyrene', 0.05500000000000001, 'tBuOOH', 6.5, 'NBS', 0.175]
11-25-40_23-10-2024  - INFO - ChromTroller.py - Command received: add_reaction_conditions with data: {'residence_time': 180.0, 'light_intensity': 52.5}
11-25-40_23-10-2024  - INFO - ChromTroller.py - RunLog updated with conditions: {'residence_time': 180.0, 'light_intensity': 52.5}
11-25-40_23-10-2024  - INFO - ChromTroller.py - Command received: start_hplc_run with data: None
11-25-40_23-10-2024  - INFO - ChromTroller.py - HPLC analysis initiated
11-25-40_23-10-2024  - INFO - ct_controller.py - {'HPLC_analysis': 'INITIATED'}
11-25-40_23-10-2024  - INFO - ct_controller.py - {'hardware_connection_check': {'Arduino': 'SUCCESS', 'Valve': 'SUCCESS', 'Phase_Sensor': 'SUCCESS', 'LCMS': 'SUCCESS'}}
11-25-40_23-10-2024  - INFO - ct_controller.py - {'filling_pos_check': 'SUCCESS'}
11-25-40_23-10-2024  - INFO - ct_controller.py - {'ps_sample_detection': 'BYPASSED'}
11-25-40_23-10-2024  - INFO - ct_controller.py - {'send_start_signal': 'SUCCESS'}
11-25-40_23-10-2024  - INFO - ct_controller.py - {'start_request_acknowledged': 'INITIATED'}
11-26-00_23-10-2024  - INFO - ct_controller.py - {'start_request_acknowledged': 'FAIL - No sample prep initiation acknowledgement from spectrometer within timeout'}
11-26-00_23-10-2024  - INFO - ct_controller.py - {'send_start_signal': 'SUCCESS'}
11-26-00_23-10-2024  - INFO - ct_controller.py - {'start_request_acknowledged': 'INITIATED'}
11-26-20_23-10-2024  - INFO - ct_controller.py - {'start_request_acknowledged': 'FAIL - No sample prep initiation acknowledgement from spectrometer within timeout'}
11-26-20_23-10-2024  - INFO - ct_controller.py - {'send_start_signal': 'SUCCESS'}
11-26-20_23-10-2024  - INFO - ct_controller.py - {'start_request_acknowledged': 'INITIATED'}
11-26-40_23-10-2024  - INFO - ct_controller.py - {'start_request_acknowledged': 'FAIL - No sample prep initiation acknowledgement from spectrometer within timeout'}
11-26-40_23-10-2024  - INFO - ct_controller.py - {'analysis_cycle_started': 'FAIL', 'cause': Exception('FAIL- HPLC not starting after 3 attempts')}
11-26-40_23-10-2024  - INFO - ChromTroller.py - HPLC analysis initiation: FAIL - FAIL- HPLC not starting after 3 attempts
11-26-40_23-10-2024  - INFO - ct_server.py - Response sent to client: FAIL - FAIL- HPLC not starting after 3 attempts
11-26-40_23-10-2024  - INFO - ChromTroller.py - Command received: start_file_monitoring with data: None
11-26-40_23-10-2024  - INFO - ChromTroller.py - Current results directory set to: D:\CDSProjects\Polymer_Degradation\Results\Dummy_campaign_testing.rslt
11-26-40_23-10-2024  - INFO - ChromTroller.py - File Monitoring Started.
11-29-17_23-10-2024  - INFO - ct_monitor.py - New File identified by ct_monitor: clean03.dx
11-29-17_23-10-2024  - INFO - ct_monitor.py - clean03.dx
11-29-17_23-10-2024  - INFO - ChromTroller.py - New File Found: clean03.dx
11-29-17_23-10-2024  - INFO - ct_server.py - Response sent to client: clean03.dx
11-29-17_23-10-2024  - INFO - ChromTroller.py - Command received: run_data_analysis with data: 3.96
11-29-17_23-10-2024  - INFO - ChromTroller.py - Current results directory set to: D:\CDSProjects\Polymer_Degradation\Results\Dummy_campaign_testing.rslt
11-29-17_23-10-2024  - INFO - ct_analyser.py - loaded analysis settings from json
11-29-17_23-10-2024  - INFO - ct_analyser.py - settings object created from analysis json
11-29-17_23-10-2024  - INFO - ct_analyser.py - Analyser Object Initialized Successfully
11-29-43_23-10-2024  - INFO - ct_server.py - Client connected at 11:29:43_23-10-2024
11-44-30_23-10-2024  - INFO - ChromTroller.py - Command received: new_run_name with data: 2
11-44-30_23-10-2024  - INFO - ChromTroller.py - New RunLog created: 2
11-44-30_23-10-2024  - INFO - ChromTroller.py - Command received: set_run_conc with data: 0.05500000000000001
11-44-30_23-10-2024  - INFO - ChromTroller.py - Command received: add_reagents with data: ['Polystyrene', 0.05500000000000001, 'tBuOOH', 6.5, 'NBS', 0.175]
11-44-30_23-10-2024  - INFO - ChromTroller.py - RunLog updated with reagents: ['Polystyrene', 0.05500000000000001, 'tBuOOH', 6.5, 'NBS', 0.175]
11-44-30_23-10-2024  - INFO - ChromTroller.py - Command received: add_reaction_conditions with data: {'residence_time': 180.0, 'light_intensity': 52.5}
11-44-30_23-10-2024  - INFO - ChromTroller.py - RunLog updated with conditions: {'residence_time': 180.0, 'light_intensity': 52.5}
11-44-30_23-10-2024  - INFO - ChromTroller.py - Command received: start_hplc_run with data: None
11-44-30_23-10-2024  - INFO - ChromTroller.py - HPLC analysis initiated
11-44-30_23-10-2024  - INFO - ct_controller.py - {'HPLC_analysis': 'INITIATED'}
11-44-30_23-10-2024  - INFO - ct_controller.py - {'hardware_connection_check': {'Arduino': 'SUCCESS', 'Valve': 'SUCCESS', 'Phase_Sensor': 'SUCCESS', 'LCMS': 'SUCCESS'}}
11-44-30_23-10-2024  - INFO - ct_controller.py - {'filling_pos_check': 'SUCCESS'}
11-44-30_23-10-2024  - INFO - ct_controller.py - {'ps_sample_detection': 'BYPASSED'}
11-44-30_23-10-2024  - INFO - ct_controller.py - {'send_start_signal': 'SUCCESS'}
11-44-30_23-10-2024  - INFO - ct_controller.py - {'start_request_acknowledged': 'INITIATED'}
11-44-30_23-10-2024  - INFO - ct_controller.py - {'start_request_acknowledged': 'SUCCESS'}
11-44-30_23-10-2024  - INFO - ct_controller.py - {'start_signal': 'WAITING'}
11-44-51_23-10-2024  - INFO - ct_controller.py - {'start_signal': 'SUCCESS'}
11-44-51_23-10-2024  - INFO - ct_controller.py - {'valve_switched_to_load': 'INITIATED'}
11-44-51_23-10-2024  - INFO - ct_controller.py - {'valve_switched_to_load': 'SUCCESS'}
11-44-51_23-10-2024  - INFO - ct_controller.py - {'sample_loading': 'WAITING'}
11-45-16_23-10-2024  - INFO - ct_controller.py - {'sample_loading': 'SUCCESS'}
11-45-17_23-10-2024  - INFO - ct_controller.py - {'valve_returned_to_bypass': 'SUCCESS'}
11-45-17_23-10-2024  - INFO - ct_controller.py - {'analysis_cycle_started': 'SUCCESS'}
11-45-17_23-10-2024  - INFO - ChromTroller.py - HPLC analysis initiation: SUCCESS
11-45-17_23-10-2024  - INFO - ct_server.py - Response sent to client: SUCCESS
11-45-17_23-10-2024  - INFO - ChromTroller.py - Command received: start_file_monitoring with data: None
11-45-17_23-10-2024  - INFO - ChromTroller.py - Current results directory set to: D:\CDSProjects\Polymer_Degradation\Results\Dummy_campaign_testing.rslt
11-45-17_23-10-2024  - INFO - ChromTroller.py - File Monitoring Started.
11-51-55_23-10-2024  - INFO - ct_monitor.py - New File identified by ct_monitor: Run1_sample04.dx
11-51-55_23-10-2024  - INFO - ct_monitor.py - Run1_sample04.dx
11-51-55_23-10-2024  - INFO - ChromTroller.py - New File Found: Run1_sample04.dx
11-51-55_23-10-2024  - INFO - ct_server.py - Response sent to client: Run1_sample04.dx
11-51-55_23-10-2024  - INFO - ChromTroller.py - Command received: run_data_analysis with data: 3.96
11-51-55_23-10-2024  - INFO - ChromTroller.py - Current results directory set to: D:\CDSProjects\Polymer_Degradation\Results\Dummy_campaign_testing.rslt
11-51-55_23-10-2024  - INFO - ct_analyser.py - loaded analysis settings from json
11-51-55_23-10-2024  - INFO - ct_analyser.py - settings object created from analysis json
11-51-55_23-10-2024  - INFO - ct_analyser.py - Analyser Object Initialized Successfully
11-51-57_23-10-2024  - INFO - ChromTroller.py - Identified Peak: None
11-51-57_23-10-2024  - INFO - ct_server.py - Response sent to client: {'peak_rt': None, 'integral': None}
11-51-57_23-10-2024  - INFO - ct_server.py - Client disconnected at 11:51:57_23-10-2024
11-52-22_23-10-2024  - INFO - ct_server.py - Client connected at 11:52:22_23-10-2024
12-08-25_23-10-2024  - INFO - ChromTroller.py - Command received: new_run_name with data: 3
12-08-25_23-10-2024  - INFO - ChromTroller.py - New RunLog created: 3
12-08-25_23-10-2024  - INFO - ChromTroller.py - Command received: set_run_conc with data: 0.043750000000000004
12-08-25_23-10-2024  - INFO - ChromTroller.py - Command received: add_reagents with data: ['Polystyrene', 0.043750000000000004, 'tBuOOH', 8.25, 'NBS', 0.2375]
12-08-25_23-10-2024  - INFO - ChromTroller.py - RunLog updated with reagents: ['Polystyrene', 0.043750000000000004, 'tBuOOH', 8.25, 'NBS', 0.2375]
12-08-25_23-10-2024  - INFO - ChromTroller.py - Command received: add_reaction_conditions with data: {'residence_time': 240.0, 'light_intensity': 28.75}
12-08-25_23-10-2024  - INFO - ChromTroller.py - RunLog updated with conditions: {'residence_time': 240.0, 'light_intensity': 28.75}
12-08-25_23-10-2024  - INFO - ChromTroller.py - Command received: start_hplc_run with data: None
12-08-25_23-10-2024  - INFO - ChromTroller.py - HPLC analysis initiated
12-08-25_23-10-2024  - INFO - ct_controller.py - {'HPLC_analysis': 'INITIATED'}
12-08-26_23-10-2024  - INFO - ct_controller.py - {'hardware_connection_check': {'Arduino': 'SUCCESS', 'Valve': 'SUCCESS', 'Phase_Sensor': 'SUCCESS', 'LCMS': 'SUCCESS'}}
12-08-26_23-10-2024  - INFO - ct_controller.py - {'filling_pos_check': 'SUCCESS'}
12-08-26_23-10-2024  - INFO - ct_controller.py - {'ps_sample_detection': 'BYPASSED'}
12-08-26_23-10-2024  - INFO - ct_controller.py - {'send_start_signal': 'SUCCESS'}
12-08-26_23-10-2024  - INFO - ct_controller.py - {'start_request_acknowledged': 'INITIATED'}
12-08-26_23-10-2024  - INFO - ct_controller.py - {'start_request_acknowledged': 'SUCCESS'}
12-08-26_23-10-2024  - INFO - ct_controller.py - {'start_signal': 'WAITING'}
12-08-47_23-10-2024  - INFO - ct_controller.py - {'start_signal': 'SUCCESS'}
12-08-47_23-10-2024  - INFO - ct_controller.py - {'valve_switched_to_load': 'INITIATED'}
12-08-47_23-10-2024  - INFO - ct_controller.py - {'valve_switched_to_load': 'SUCCESS'}
12-08-47_23-10-2024  - INFO - ct_controller.py - {'sample_loading': 'WAITING'}
12-09-12_23-10-2024  - INFO - ct_controller.py - {'sample_loading': 'SUCCESS'}
12-09-12_23-10-2024  - INFO - ct_controller.py - {'valve_returned_to_bypass': 'SUCCESS'}
12-09-12_23-10-2024  - INFO - ct_controller.py - {'analysis_cycle_started': 'SUCCESS'}
12-09-12_23-10-2024  - INFO - ChromTroller.py - HPLC analysis initiation: SUCCESS
12-09-12_23-10-2024  - INFO - ct_server.py - Response sent to client: SUCCESS
12-09-12_23-10-2024  - INFO - ChromTroller.py - Command received: start_file_monitoring with data: None
12-09-12_23-10-2024  - INFO - ChromTroller.py - Current results directory set to: D:\CDSProjects\Polymer_Degradation\Results\Dummy_campaign_testing.rslt
12-09-12_23-10-2024  - INFO - ChromTroller.py - File Monitoring Started.
12-15-50_23-10-2024  - INFO - ct_monitor.py - New File identified by ct_monitor: Run2_sample06.dx
12-15-50_23-10-2024  - INFO - ct_monitor.py - Run2_sample06.dx
12-15-50_23-10-2024  - INFO - ChromTroller.py - New File Found: Run2_sample06.dx
12-15-50_23-10-2024  - INFO - ct_server.py - Response sent to client: Run2_sample06.dx
12-15-50_23-10-2024  - INFO - ChromTroller.py - Command received: run_data_analysis with data: 3.96
12-15-50_23-10-2024  - INFO - ChromTroller.py - Current results directory set to: D:\CDSProjects\Polymer_Degradation\Results\Dummy_campaign_testing.rslt
12-15-50_23-10-2024  - INFO - ct_analyser.py - loaded analysis settings from json
12-15-50_23-10-2024  - INFO - ct_analyser.py - settings object created from analysis json
12-15-50_23-10-2024  - INFO - ct_analyser.py - Analyser Object Initialized Successfully
13-12-23_23-10-2024  - INFO - ct_server.py - Client connected at 13:12:23_23-10-2024
13-24-35_23-10-2024  - INFO - ct_server.py - Client disconnected at 13:24:35_23-10-2024
13-25-13_23-10-2024  - INFO - ct_server.py - Client connected at 13:25:13_23-10-2024
14-22-01_23-10-2024  - INFO - ChromTroller.py - Command received: new_run_name with data: 1
14-22-01_23-10-2024  - INFO - ChromTroller.py - New RunLog created: 1
14-22-01_23-10-2024  - INFO - ChromTroller.py - Command received: set_run_conc with data: 0.01770390410178794
14-22-01_23-10-2024  - INFO - ChromTroller.py - Command received: add_reagents with data: ['Polystyrene', 0.01770390410178794, 'tBuOOH', 5.535864643511891, 'NBS', 0.1274322703998529]
14-22-01_23-10-2024  - INFO - ChromTroller.py - RunLog updated with reagents: ['Polystyrene', 0.01770390410178794, 'tBuOOH', 5.535864643511891, 'NBS', 0.1274322703998529]
14-22-01_23-10-2024  - INFO - ChromTroller.py - Command received: add_reaction_conditions with data: {'residence_time': 2257.493580178582, 'light_intensity': 61.75626303005737}
14-22-01_23-10-2024  - INFO - ChromTroller.py - RunLog updated with conditions: {'residence_time': 2257.493580178582, 'light_intensity': 61.75626303005737}
14-22-01_23-10-2024  - INFO - ChromTroller.py - Command received: start_hplc_run with data: None
14-22-01_23-10-2024  - INFO - ChromTroller.py - HPLC analysis initiated
14-22-01_23-10-2024  - INFO - ct_controller.py - {'HPLC_analysis': 'INITIATED'}
14-22-01_23-10-2024  - INFO - ct_controller.py - {'hardware_connection_check': {'Arduino': 'SUCCESS', 'Valve': 'SUCCESS', 'Phase_Sensor': 'SUCCESS', 'LCMS': 'SUCCESS'}}
14-22-01_23-10-2024  - INFO - ct_controller.py - {'filling_pos_check': 'SUCCESS'}
14-22-01_23-10-2024  - INFO - ct_controller.py - {'ps_sample_detection': 'BYPASSED'}
14-22-01_23-10-2024  - INFO - ct_controller.py - {'send_start_signal': 'SUCCESS'}
14-22-01_23-10-2024  - INFO - ct_controller.py - {'start_request_acknowledged': 'INITIATED'}
14-22-01_23-10-2024  - INFO - ct_controller.py - {'start_request_acknowledged': 'SUCCESS'}
14-22-02_23-10-2024  - INFO - ct_controller.py - {'start_signal': 'WAITING'}
14-22-22_23-10-2024  - INFO - ct_controller.py - {'start_signal': 'SUCCESS'}
14-22-22_23-10-2024  - INFO - ct_controller.py - {'valve_switched_to_load': 'INITIATED'}
14-22-22_23-10-2024  - INFO - ct_controller.py - {'valve_switched_to_load': 'SUCCESS'}
14-22-22_23-10-2024  - INFO - ct_controller.py - {'sample_loading': 'WAITING'}
14-22-47_23-10-2024  - INFO - ct_controller.py - {'sample_loading': 'SUCCESS'}
14-22-47_23-10-2024  - INFO - ct_controller.py - {'valve_returned_to_bypass': 'SUCCESS'}
14-22-47_23-10-2024  - INFO - ct_controller.py - {'analysis_cycle_started': 'SUCCESS'}
14-22-47_23-10-2024  - INFO - ChromTroller.py - HPLC analysis initiation: SUCCESS
14-22-47_23-10-2024  - INFO - ct_server.py - Response sent to client: SUCCESS
14-22-47_23-10-2024  - INFO - ChromTroller.py - Command received: start_file_monitoring with data: None
14-22-47_23-10-2024  - INFO - ChromTroller.py - Current results directory set to: D:\CDSProjects\Polymer_Degradation\Results\PS_optimisation_campaign_24October2024.rslt
14-22-47_23-10-2024  - INFO - ChromTroller.py - File Monitoring Started.
14-29-25_23-10-2024  - INFO - ct_monitor.py - New File identified by ct_monitor: Run1_sample04.dx
14-29-25_23-10-2024  - INFO - ct_monitor.py - Run1_sample04.dx
14-29-25_23-10-2024  - INFO - ChromTroller.py - New File Found: Run1_sample04.dx
14-29-25_23-10-2024  - INFO - ct_server.py - Response sent to client: Run1_sample04.dx
14-29-25_23-10-2024  - INFO - ChromTroller.py - Command received: run_data_analysis with data: 3.96
14-29-25_23-10-2024  - INFO - ChromTroller.py - Current results directory set to: D:\CDSProjects\Polymer_Degradation\Results\PS_optimisation_campaign_24October2024.rslt
14-29-25_23-10-2024  - INFO - ct_analyser.py - loaded analysis settings from json
14-29-25_23-10-2024  - INFO - ct_analyser.py - settings object created from analysis json
14-29-25_23-10-2024  - INFO - ct_analyser.py - Analyser Object Initialized Successfully
14-29-27_23-10-2024  - INFO - ChromTroller.py - Identified Peak: None
14-29-27_23-10-2024  - INFO - ct_server.py - Response sent to client: {'peak_rt': None, 'integral': None}
14-29-27_23-10-2024  - INFO - ct_server.py - Client disconnected at 14:29:27_23-10-2024
14-29-53_23-10-2024  - INFO - ct_server.py - Client connected at 14:29:53_23-10-2024
15-53-14_23-10-2024  - INFO - ChromTroller.py - Command received: new_run_name with data: 2
15-53-14_23-10-2024  - INFO - ChromTroller.py - New RunLog created: 2
15-53-14_23-10-2024  - INFO - ChromTroller.py - Command received: set_run_conc with data: 0.059557888348272976
15-53-14_23-10-2024  - INFO - ChromTroller.py - Command received: add_reagents with data: ['Polystyrene', 0.059557888348272976, 'tBuOOH', 6.858297048983586, 'NBS', 0.10792585400125931]
15-53-14_23-10-2024  - INFO - ChromTroller.py - RunLog updated with reagents: ['Polystyrene', 0.059557888348272976, 'tBuOOH', 6.858297048983586, 'NBS', 0.10792585400125931]
15-53-14_23-10-2024  - INFO - ChromTroller.py - Command received: add_reaction_conditions with data: {'residence_time': 3479.17889550822, 'light_intensity': 93.22061205166068}
15-53-14_23-10-2024  - INFO - ChromTroller.py - RunLog updated with conditions: {'residence_time': 3479.17889550822, 'light_intensity': 93.22061205166068}
15-53-14_23-10-2024  - INFO - ChromTroller.py - Command received: start_hplc_run with data: None
15-53-14_23-10-2024  - INFO - ChromTroller.py - HPLC analysis initiated
15-53-14_23-10-2024  - INFO - ct_controller.py - {'HPLC_analysis': 'INITIATED'}
15-53-14_23-10-2024  - INFO - ct_controller.py - {'hardware_connection_check': {'Arduino': 'SUCCESS', 'Valve': 'SUCCESS', 'Phase_Sensor': 'SUCCESS', 'LCMS': 'SUCCESS'}}
15-53-14_23-10-2024  - INFO - ct_controller.py - {'filling_pos_check': 'SUCCESS'}
15-53-14_23-10-2024  - INFO - ct_controller.py - {'ps_sample_detection': 'BYPASSED'}
15-53-15_23-10-2024  - INFO - ct_controller.py - {'send_start_signal': 'SUCCESS'}
15-53-15_23-10-2024  - INFO - ct_controller.py - {'start_request_acknowledged': 'INITIATED'}
15-53-15_23-10-2024  - INFO - ct_controller.py - {'start_request_acknowledged': 'SUCCESS'}
15-53-15_23-10-2024  - INFO - ct_controller.py - {'start_signal': 'WAITING'}
15-53-36_23-10-2024  - INFO - ct_controller.py - {'start_signal': 'SUCCESS'}
15-53-36_23-10-2024  - INFO - ct_controller.py - {'valve_switched_to_load': 'INITIATED'}
15-53-36_23-10-2024  - INFO - ct_controller.py - {'valve_switched_to_load': 'SUCCESS'}
15-53-36_23-10-2024  - INFO - ct_controller.py - {'sample_loading': 'WAITING'}
15-54-01_23-10-2024  - INFO - ct_controller.py - {'sample_loading': 'SUCCESS'}
15-54-01_23-10-2024  - INFO - ct_controller.py - {'valve_returned_to_bypass': 'SUCCESS'}
15-54-01_23-10-2024  - INFO - ct_controller.py - {'analysis_cycle_started': 'SUCCESS'}
15-54-01_23-10-2024  - INFO - ChromTroller.py - HPLC analysis initiation: SUCCESS
15-54-01_23-10-2024  - INFO - ct_server.py - Response sent to client: SUCCESS
15-54-01_23-10-2024  - INFO - ChromTroller.py - Command received: start_file_monitoring with data: None
15-54-01_23-10-2024  - INFO - ChromTroller.py - Current results directory set to: D:\CDSProjects\Polymer_Degradation\Results\PS_optimisation_campaign_24October2024.rslt
15-54-01_23-10-2024  - INFO - ChromTroller.py - File Monitoring Started.
16-00-38_23-10-2024  - INFO - ct_monitor.py - New File identified by ct_monitor: Run2_sample06.dx
16-00-38_23-10-2024  - INFO - ct_monitor.py - Run2_sample06.dx
16-00-39_23-10-2024  - INFO - ChromTroller.py - New File Found: Run2_sample06.dx
16-00-39_23-10-2024  - INFO - ct_server.py - Response sent to client: Run2_sample06.dx
16-00-39_23-10-2024  - INFO - ChromTroller.py - Command received: run_data_analysis with data: 3.96
16-00-39_23-10-2024  - INFO - ChromTroller.py - Current results directory set to: D:\CDSProjects\Polymer_Degradation\Results\PS_optimisation_campaign_24October2024.rslt
16-00-39_23-10-2024  - INFO - ct_analyser.py - loaded analysis settings from json
16-00-39_23-10-2024  - INFO - ct_analyser.py - settings object created from analysis json
16-00-39_23-10-2024  - INFO - ct_analyser.py - Analyser Object Initialized Successfully
16-00-41_23-10-2024  - INFO - ChromTroller.py - Identified Peak: {'peak_rt': 3.947, 'integral': 79296325.73349959}
16-00-41_23-10-2024  - INFO - ct_server.py - Response sent to client: {'peak_rt': 3.947, 'integral': 79296325.73349959}
16-00-41_23-10-2024  - INFO - ct_server.py - Client disconnected at 16:00:41_23-10-2024
16-01-02_23-10-2024  - INFO - ct_server.py - Client connected at 16:01:02_23-10-2024
16-53-37_23-10-2024  - INFO - ChromTroller.py - Command received: new_run_name with data: 3
16-53-37_23-10-2024  - INFO - ChromTroller.py - New RunLog created: 3
16-53-37_23-10-2024  - INFO - ChromTroller.py - Command received: set_run_conc with data: 0.08123947617816
16-53-37_23-10-2024  - INFO - ChromTroller.py - Command received: add_reagents with data: ['Polystyrene', 0.08123947617816, 'tBuOOH', 4.156389466717636, 'NBS', 0.20090980031072392]
16-53-37_23-10-2024  - INFO - ChromTroller.py - RunLog updated with reagents: ['Polystyrene', 0.08123947617816, 'tBuOOH', 4.156389466717636, 'NBS', 0.20090980031072392]
16-53-37_23-10-2024  - INFO - ChromTroller.py - Command received: add_reaction_conditions with data: {'residence_time': 1916.3771360322348, 'light_intensity': 47.40280502863744}
16-53-37_23-10-2024  - INFO - ChromTroller.py - RunLog updated with conditions: {'residence_time': 1916.3771360322348, 'light_intensity': 47.40280502863744}
16-53-37_23-10-2024  - INFO - ChromTroller.py - Command received: start_hplc_run with data: None
16-53-37_23-10-2024  - INFO - ChromTroller.py - HPLC analysis initiated
16-53-37_23-10-2024  - INFO - ct_controller.py - {'HPLC_analysis': 'INITIATED'}
16-53-37_23-10-2024  - INFO - ct_controller.py - {'hardware_connection_check': {'Arduino': 'SUCCESS', 'Valve': 'SUCCESS', 'Phase_Sensor': 'SUCCESS', 'LCMS': 'SUCCESS'}}
16-53-37_23-10-2024  - INFO - ct_controller.py - {'filling_pos_check': 'SUCCESS'}
16-53-37_23-10-2024  - INFO - ct_controller.py - {'ps_sample_detection': 'BYPASSED'}
16-53-37_23-10-2024  - INFO - ct_controller.py - {'send_start_signal': 'SUCCESS'}
16-53-37_23-10-2024  - INFO - ct_controller.py - {'start_request_acknowledged': 'INITIATED'}
16-53-37_23-10-2024  - INFO - ct_controller.py - {'start_request_acknowledged': 'SUCCESS'}
16-53-38_23-10-2024  - INFO - ct_controller.py - {'start_signal': 'WAITING'}
16-53-58_23-10-2024  - INFO - ct_controller.py - {'start_signal': 'SUCCESS'}
16-53-58_23-10-2024  - INFO - ct_controller.py - {'valve_switched_to_load': 'INITIATED'}
16-53-58_23-10-2024  - INFO - ct_controller.py - {'valve_switched_to_load': 'SUCCESS'}
16-53-58_23-10-2024  - INFO - ct_controller.py - {'sample_loading': 'WAITING'}
16-54-23_23-10-2024  - INFO - ct_controller.py - {'sample_loading': 'SUCCESS'}
16-54-23_23-10-2024  - INFO - ct_controller.py - {'valve_returned_to_bypass': 'SUCCESS'}
16-54-23_23-10-2024  - INFO - ct_controller.py - {'analysis_cycle_started': 'SUCCESS'}
16-54-23_23-10-2024  - INFO - ChromTroller.py - HPLC analysis initiation: SUCCESS
16-54-23_23-10-2024  - INFO - ct_server.py - Response sent to client: SUCCESS
16-54-23_23-10-2024  - INFO - ChromTroller.py - Command received: start_file_monitoring with data: None
16-54-23_23-10-2024  - INFO - ChromTroller.py - Current results directory set to: D:\CDSProjects\Polymer_Degradation\Results\PS_optimisation_campaign_24October2024.rslt
16-54-23_23-10-2024  - INFO - ChromTroller.py - File Monitoring Started.
17-01-01_23-10-2024  - INFO - ct_monitor.py - New File identified by ct_monitor: Run3_sample08.dx
17-01-01_23-10-2024  - INFO - ct_monitor.py - Run3_sample08.dx
17-01-02_23-10-2024  - INFO - ChromTroller.py - New File Found: Run3_sample08.dx
17-01-02_23-10-2024  - INFO - ct_server.py - Response sent to client: Run3_sample08.dx
17-01-02_23-10-2024  - INFO - ChromTroller.py - Command received: run_data_analysis with data: 3.96
17-01-02_23-10-2024  - INFO - ChromTroller.py - Current results directory set to: D:\CDSProjects\Polymer_Degradation\Results\PS_optimisation_campaign_24October2024.rslt
17-01-02_23-10-2024  - INFO - ct_analyser.py - loaded analysis settings from json
17-01-02_23-10-2024  - INFO - ct_analyser.py - settings object created from analysis json
17-01-02_23-10-2024  - INFO - ct_analyser.py - Analyser Object Initialized Successfully
17-01-04_23-10-2024  - INFO - ChromTroller.py - Identified Peak: {'peak_rt': 3.958, 'integral': 167882653.93665296}
17-01-04_23-10-2024  - INFO - ct_server.py - Response sent to client: {'peak_rt': 3.958, 'integral': 167882653.93665296}
17-01-04_23-10-2024  - INFO - ct_server.py - Client disconnected at 17:01:04_23-10-2024
17-01-26_23-10-2024  - INFO - ct_server.py - Client connected at 17:01:26_23-10-2024
18-15-41_23-10-2024  - INFO - ChromTroller.py - Command received: new_run_name with data: 4
18-15-41_23-10-2024  - INFO - ChromTroller.py - New RunLog created: 4
18-15-41_23-10-2024  - INFO - ChromTroller.py - Command received: set_run_conc with data: 0.04854938311571314
18-15-41_23-10-2024  - INFO - ChromTroller.py - Command received: add_reagents with data: ['Polystyrene', 0.04854938311571314, 'tBuOOH', 9.59488411307254, 'NBS', 0.24920155705129365]
18-15-41_23-10-2024  - INFO - ChromTroller.py - RunLog updated with reagents: ['Polystyrene', 0.04854938311571314, 'tBuOOH', 9.59488411307254, 'NBS', 0.24920155705129365]
18-15-41_23-10-2024  - INFO - ChromTroller.py - Command received: add_reaction_conditions with data: {'residence_time': 3116.195524939829, 'light_intensity': 17.49261927590348}
18-15-41_23-10-2024  - INFO - ChromTroller.py - RunLog updated with conditions: {'residence_time': 3116.195524939829, 'light_intensity': 17.49261927590348}
18-15-41_23-10-2024  - INFO - ChromTroller.py - Command received: start_hplc_run with data: None
18-15-41_23-10-2024  - INFO - ChromTroller.py - HPLC analysis initiated
18-15-41_23-10-2024  - INFO - ct_controller.py - {'HPLC_analysis': 'INITIATED'}
18-15-41_23-10-2024  - INFO - ct_controller.py - {'hardware_connection_check': {'Arduino': 'SUCCESS', 'Valve': 'SUCCESS', 'Phase_Sensor': 'SUCCESS', 'LCMS': 'SUCCESS'}}
18-15-41_23-10-2024  - INFO - ct_controller.py - {'filling_pos_check': 'SUCCESS'}
18-15-41_23-10-2024  - INFO - ct_controller.py - {'ps_sample_detection': 'BYPASSED'}
18-15-41_23-10-2024  - INFO - ct_controller.py - {'send_start_signal': 'SUCCESS'}
18-15-41_23-10-2024  - INFO - ct_controller.py - {'start_request_acknowledged': 'INITIATED'}
18-15-42_23-10-2024  - INFO - ct_controller.py - {'start_request_acknowledged': 'SUCCESS'}
18-15-42_23-10-2024  - INFO - ct_controller.py - {'start_signal': 'WAITING'}
18-16-02_23-10-2024  - INFO - ct_controller.py - {'start_signal': 'SUCCESS'}
18-16-02_23-10-2024  - INFO - ct_controller.py - {'valve_switched_to_load': 'INITIATED'}
18-16-02_23-10-2024  - INFO - ct_controller.py - {'valve_switched_to_load': 'SUCCESS'}
18-16-02_23-10-2024  - INFO - ct_controller.py - {'sample_loading': 'WAITING'}
18-16-27_23-10-2024  - INFO - ct_controller.py - {'sample_loading': 'SUCCESS'}
18-16-28_23-10-2024  - INFO - ct_controller.py - {'valve_returned_to_bypass': 'SUCCESS'}
18-16-28_23-10-2024  - INFO - ct_controller.py - {'analysis_cycle_started': 'SUCCESS'}
18-16-28_23-10-2024  - INFO - ChromTroller.py - HPLC analysis initiation: SUCCESS
18-16-28_23-10-2024  - INFO - ct_server.py - Response sent to client: SUCCESS
18-16-28_23-10-2024  - INFO - ChromTroller.py - Command received: start_file_monitoring with data: None
18-16-28_23-10-2024  - INFO - ChromTroller.py - Current results directory set to: D:\CDSProjects\Polymer_Degradation\Results\PS_optimisation_campaign_24October2024.rslt
18-16-28_23-10-2024  - INFO - ChromTroller.py - File Monitoring Started.
18-23-06_23-10-2024  - INFO - ct_monitor.py - New File identified by ct_monitor: Run4_sample10.dx
18-23-06_23-10-2024  - INFO - ct_monitor.py - Run4_sample10.dx
18-23-06_23-10-2024  - INFO - ChromTroller.py - New File Found: Run4_sample10.dx
18-23-06_23-10-2024  - INFO - ct_server.py - Response sent to client: Run4_sample10.dx
18-23-06_23-10-2024  - INFO - ChromTroller.py - Command received: run_data_analysis with data: 3.96
18-23-06_23-10-2024  - INFO - ChromTroller.py - Current results directory set to: D:\CDSProjects\Polymer_Degradation\Results\PS_optimisation_campaign_24October2024.rslt
18-23-06_23-10-2024  - INFO - ct_analyser.py - loaded analysis settings from json
18-23-06_23-10-2024  - INFO - ct_analyser.py - settings object created from analysis json
18-23-06_23-10-2024  - INFO - ct_analyser.py - Analyser Object Initialized Successfully
18-23-08_23-10-2024  - INFO - ChromTroller.py - Identified Peak: None
18-23-08_23-10-2024  - INFO - ct_server.py - Response sent to client: {'peak_rt': None, 'integral': None}
18-23-08_23-10-2024  - INFO - ct_server.py - Client disconnected at 18:23:08_23-10-2024
18-23-30_23-10-2024  - INFO - ct_server.py - Client connected at 18:23:30_23-10-2024
19-37-53_23-10-2024  - INFO - ChromTroller.py - Command received: new_run_name with data: 5
19-37-53_23-10-2024  - INFO - ChromTroller.py - New RunLog created: 5
19-37-53_23-10-2024  - INFO - ChromTroller.py - Command received: set_run_conc with data: 0.034008408310793756
19-37-53_23-10-2024  - INFO - ChromTroller.py - Command received: add_reagents with data: ['Polystyrene', 0.034008408310793756, 'tBuOOH', 3.7110917356594357, 'NBS', 0.11720378588927423]
19-37-53_23-10-2024  - INFO - ChromTroller.py - RunLog updated with reagents: ['Polystyrene', 0.034008408310793756, 'tBuOOH', 3.7110917356594357, 'NBS', 0.11720378588927423]
19-37-53_23-10-2024  - INFO - ChromTroller.py - Command received: add_reaction_conditions with data: {'residence_time': 3161.681562899441, 'light_intensity': 22.59589482329685}
19-37-53_23-10-2024  - INFO - ChromTroller.py - RunLog updated with conditions: {'residence_time': 3161.681562899441, 'light_intensity': 22.59589482329685}
19-37-53_23-10-2024  - INFO - ChromTroller.py - Command received: start_hplc_run with data: None
19-37-53_23-10-2024  - INFO - ChromTroller.py - HPLC analysis initiated
19-37-53_23-10-2024  - INFO - ct_controller.py - {'HPLC_analysis': 'INITIATED'}
19-37-53_23-10-2024  - INFO - ct_controller.py - {'hardware_connection_check': {'Arduino': 'SUCCESS', 'Valve': 'SUCCESS', 'Phase_Sensor': 'SUCCESS', 'LCMS': 'SUCCESS'}}
19-37-53_23-10-2024  - INFO - ct_controller.py - {'filling_pos_check': 'SUCCESS'}
19-37-53_23-10-2024  - INFO - ct_controller.py - {'ps_sample_detection': 'BYPASSED'}
19-37-53_23-10-2024  - INFO - ct_controller.py - {'send_start_signal': 'SUCCESS'}
19-37-53_23-10-2024  - INFO - ct_controller.py - {'start_request_acknowledged': 'INITIATED'}
19-37-53_23-10-2024  - INFO - ct_controller.py - {'start_request_acknowledged': 'SUCCESS'}
19-37-53_23-10-2024  - INFO - ct_controller.py - {'start_signal': 'WAITING'}
19-38-14_23-10-2024  - INFO - ct_controller.py - {'start_signal': 'SUCCESS'}
19-38-14_23-10-2024  - INFO - ct_controller.py - {'valve_switched_to_load': 'INITIATED'}
19-38-14_23-10-2024  - INFO - ct_controller.py - {'valve_switched_to_load': 'SUCCESS'}
19-38-14_23-10-2024  - INFO - ct_controller.py - {'sample_loading': 'WAITING'}
19-38-39_23-10-2024  - INFO - ct_controller.py - {'sample_loading': 'SUCCESS'}
19-38-40_23-10-2024  - INFO - ct_controller.py - {'valve_returned_to_bypass': 'SUCCESS'}
19-38-40_23-10-2024  - INFO - ct_controller.py - {'analysis_cycle_started': 'SUCCESS'}
19-38-40_23-10-2024  - INFO - ChromTroller.py - HPLC analysis initiation: SUCCESS
19-38-40_23-10-2024  - INFO - ct_server.py - Response sent to client: SUCCESS
19-38-40_23-10-2024  - INFO - ChromTroller.py - Command received: start_file_monitoring with data: None
19-38-40_23-10-2024  - INFO - ChromTroller.py - Current results directory set to: D:\CDSProjects\Polymer_Degradation\Results\PS_optimisation_campaign_24October2024.rslt
19-38-40_23-10-2024  - INFO - ChromTroller.py - File Monitoring Started.
19-45-18_23-10-2024  - INFO - ct_monitor.py - New File identified by ct_monitor: Run5_sample12.dx
19-45-18_23-10-2024  - INFO - ct_monitor.py - Run5_sample12.dx
19-45-18_23-10-2024  - INFO - ChromTroller.py - New File Found: Run5_sample12.dx
19-45-18_23-10-2024  - INFO - ct_server.py - Response sent to client: Run5_sample12.dx
19-45-18_23-10-2024  - INFO - ChromTroller.py - Command received: run_data_analysis with data: 3.96
19-45-18_23-10-2024  - INFO - ChromTroller.py - Current results directory set to: D:\CDSProjects\Polymer_Degradation\Results\PS_optimisation_campaign_24October2024.rslt
19-45-18_23-10-2024  - INFO - ct_analyser.py - loaded analysis settings from json
19-45-18_23-10-2024  - INFO - ct_analyser.py - settings object created from analysis json
19-45-18_23-10-2024  - INFO - ct_analyser.py - Analyser Object Initialized Successfully
19-45-21_23-10-2024  - INFO - ChromTroller.py - Identified Peak: None
19-45-21_23-10-2024  - INFO - ct_server.py - Response sent to client: {'peak_rt': None, 'integral': None}
19-45-21_23-10-2024  - INFO - ct_server.py - Client disconnected at 19:45:21_23-10-2024
19-45-46_23-10-2024  - INFO - ct_server.py - Client connected at 19:45:46_23-10-2024
20-42-50_23-10-2024  - INFO - ChromTroller.py - Command received: new_run_name with data: 6
20-42-50_23-10-2024  - INFO - ChromTroller.py - New RunLog created: 6
20-42-50_23-10-2024  - INFO - ChromTroller.py - Command received: set_run_conc with data: 0.08875000000000001
20-42-50_23-10-2024  - INFO - ChromTroller.py - Command received: add_reagents with data: ['Polystyrene', 0.08875000000000001, 'tBuOOH', 4.75, 'NBS', 0.2375]
20-42-50_23-10-2024  - INFO - ChromTroller.py - RunLog updated with reagents: ['Polystyrene', 0.08875000000000001, 'tBuOOH', 4.75, 'NBS', 0.2375]
20-42-50_23-10-2024  - INFO - ChromTroller.py - Command received: add_reaction_conditions with data: {'residence_time': 2250.0, 'light_intensity': 28.75}
20-42-50_23-10-2024  - INFO - ChromTroller.py - RunLog updated with conditions: {'residence_time': 2250.0, 'light_intensity': 28.75}
20-42-50_23-10-2024  - INFO - ChromTroller.py - Command received: start_hplc_run with data: None
20-42-50_23-10-2024  - INFO - ChromTroller.py - HPLC analysis initiated
20-42-50_23-10-2024  - INFO - ct_controller.py - {'HPLC_analysis': 'INITIATED'}
20-42-50_23-10-2024  - INFO - ct_controller.py - {'hardware_connection_check': {'Arduino': 'SUCCESS', 'Valve': 'SUCCESS', 'Phase_Sensor': 'SUCCESS', 'LCMS': 'SUCCESS'}}
20-42-50_23-10-2024  - INFO - ct_controller.py - {'filling_pos_check': 'SUCCESS'}
20-42-50_23-10-2024  - INFO - ct_controller.py - {'ps_sample_detection': 'BYPASSED'}
20-42-50_23-10-2024  - INFO - ct_controller.py - {'send_start_signal': 'SUCCESS'}
20-42-50_23-10-2024  - INFO - ct_controller.py - {'start_request_acknowledged': 'INITIATED'}
20-42-50_23-10-2024  - INFO - ct_controller.py - {'start_request_acknowledged': 'SUCCESS'}
20-42-50_23-10-2024  - INFO - ct_controller.py - {'start_signal': 'WAITING'}
20-43-10_23-10-2024  - INFO - ct_controller.py - {'start_signal': 'SUCCESS'}
20-43-10_23-10-2024  - INFO - ct_controller.py - {'valve_switched_to_load': 'INITIATED'}
20-43-11_23-10-2024  - INFO - ct_controller.py - {'valve_switched_to_load': 'SUCCESS'}
20-43-11_23-10-2024  - INFO - ct_controller.py - {'sample_loading': 'WAITING'}
20-43-36_23-10-2024  - INFO - ct_controller.py - {'sample_loading': 'SUCCESS'}
20-43-36_23-10-2024  - INFO - ct_controller.py - {'valve_returned_to_bypass': 'SUCCESS'}
20-43-36_23-10-2024  - INFO - ct_controller.py - {'analysis_cycle_started': 'SUCCESS'}
20-43-36_23-10-2024  - INFO - ChromTroller.py - HPLC analysis initiation: SUCCESS
20-43-36_23-10-2024  - INFO - ct_server.py - Response sent to client: SUCCESS
20-43-36_23-10-2024  - INFO - ChromTroller.py - Command received: start_file_monitoring with data: None
20-43-36_23-10-2024  - INFO - ChromTroller.py - Current results directory set to: D:\CDSProjects\Polymer_Degradation\Results\PS_optimisation_campaign_24October2024.rslt
20-43-36_23-10-2024  - INFO - ChromTroller.py - File Monitoring Started.
20-50-13_23-10-2024  - INFO - ct_monitor.py - New File identified by ct_monitor: Run6_sample14.dx
20-50-13_23-10-2024  - INFO - ct_monitor.py - Run6_sample14.dx
20-50-14_23-10-2024  - INFO - ChromTroller.py - New File Found: Run6_sample14.dx
20-50-14_23-10-2024  - INFO - ct_server.py - Response sent to client: Run6_sample14.dx
20-50-14_23-10-2024  - INFO - ChromTroller.py - Command received: run_data_analysis with data: 3.96
20-50-14_23-10-2024  - INFO - ChromTroller.py - Current results directory set to: D:\CDSProjects\Polymer_Degradation\Results\PS_optimisation_campaign_24October2024.rslt
20-50-14_23-10-2024  - INFO - ct_analyser.py - loaded analysis settings from json
20-50-14_23-10-2024  - INFO - ct_analyser.py - settings object created from analysis json
20-50-14_23-10-2024  - INFO - ct_analyser.py - Analyser Object Initialized Successfully
20-50-16_23-10-2024  - INFO - ChromTroller.py - Identified Peak: None
20-50-16_23-10-2024  - INFO - ct_server.py - Response sent to client: {'peak_rt': None, 'integral': None}
20-50-16_23-10-2024  - INFO - ct_server.py - Client disconnected at 20:50:16_23-10-2024
20-50-41_23-10-2024  - INFO - ct_server.py - Client connected at 20:50:41_23-10-2024
21-57-57_23-10-2024  - INFO - ChromTroller.py - Command received: new_run_name with data: 7
21-57-57_23-10-2024  - INFO - ChromTroller.py - New RunLog created: 7
21-57-57_23-10-2024  - INFO - ChromTroller.py - Command received: set_run_conc with data: 0.0775
21-57-57_23-10-2024  - INFO - ChromTroller.py - Command received: add_reagents with data: ['Polystyrene', 0.0775, 'tBuOOH', 4.75, 'NBS', 0.175]
21-57-57_23-10-2024  - INFO - ChromTroller.py - RunLog updated with reagents: ['Polystyrene', 0.0775, 'tBuOOH', 4.75, 'NBS', 0.175]
21-57-57_23-10-2024  - INFO - ChromTroller.py - Command received: add_reaction_conditions with data: {'residence_time': 2700.0, 'light_intensity': 28.75}
21-57-57_23-10-2024  - INFO - ChromTroller.py - RunLog updated with conditions: {'residence_time': 2700.0, 'light_intensity': 28.75}
21-57-57_23-10-2024  - INFO - ChromTroller.py - Command received: start_hplc_run with data: None
21-57-57_23-10-2024  - INFO - ChromTroller.py - HPLC analysis initiated
21-57-57_23-10-2024  - INFO - ct_controller.py - {'HPLC_analysis': 'INITIATED'}
21-57-57_23-10-2024  - INFO - ct_controller.py - {'hardware_connection_check': {'Arduino': 'SUCCESS', 'Valve': 'SUCCESS', 'Phase_Sensor': 'SUCCESS', 'LCMS': 'SUCCESS'}}
21-57-57_23-10-2024  - INFO - ct_controller.py - {'filling_pos_check': 'SUCCESS'}
21-57-57_23-10-2024  - INFO - ct_controller.py - {'ps_sample_detection': 'BYPASSED'}
21-57-57_23-10-2024  - INFO - ct_controller.py - {'send_start_signal': 'SUCCESS'}
21-57-57_23-10-2024  - INFO - ct_controller.py - {'start_request_acknowledged': 'INITIATED'}
21-57-57_23-10-2024  - INFO - ct_controller.py - {'start_request_acknowledged': 'SUCCESS'}
21-57-58_23-10-2024  - INFO - ct_controller.py - {'start_signal': 'WAITING'}
21-58-18_23-10-2024  - INFO - ct_controller.py - {'start_signal': 'SUCCESS'}
21-58-18_23-10-2024  - INFO - ct_controller.py - {'valve_switched_to_load': 'INITIATED'}
21-58-18_23-10-2024  - INFO - ct_controller.py - {'valve_switched_to_load': 'SUCCESS'}
21-58-18_23-10-2024  - INFO - ct_controller.py - {'sample_loading': 'WAITING'}
21-58-43_23-10-2024  - INFO - ct_controller.py - {'sample_loading': 'SUCCESS'}
21-58-44_23-10-2024  - INFO - ct_controller.py - {'valve_returned_to_bypass': 'SUCCESS'}
21-58-44_23-10-2024  - INFO - ct_controller.py - {'analysis_cycle_started': 'SUCCESS'}
21-58-44_23-10-2024  - INFO - ChromTroller.py - HPLC analysis initiation: SUCCESS
21-58-44_23-10-2024  - INFO - ct_server.py - Response sent to client: SUCCESS
21-58-44_23-10-2024  - INFO - ChromTroller.py - Command received: start_file_monitoring with data: None
21-58-44_23-10-2024  - INFO - ChromTroller.py - Current results directory set to: D:\CDSProjects\Polymer_Degradation\Results\PS_optimisation_campaign_24October2024.rslt
21-58-44_23-10-2024  - INFO - ChromTroller.py - File Monitoring Started.
22-05-21_23-10-2024  - INFO - ct_monitor.py - New File identified by ct_monitor: Run7_sample16.dx
22-05-21_23-10-2024  - INFO - ct_monitor.py - Run7_sample16.dx
22-05-21_23-10-2024  - INFO - ChromTroller.py - New File Found: Run7_sample16.dx
22-05-21_23-10-2024  - INFO - ct_server.py - Response sent to client: Run7_sample16.dx
22-05-21_23-10-2024  - INFO - ChromTroller.py - Command received: run_data_analysis with data: 3.96
22-05-21_23-10-2024  - INFO - ChromTroller.py - Current results directory set to: D:\CDSProjects\Polymer_Degradation\Results\PS_optimisation_campaign_24October2024.rslt
22-05-21_23-10-2024  - INFO - ct_analyser.py - loaded analysis settings from json
22-05-21_23-10-2024  - INFO - ct_analyser.py - settings object created from analysis json
22-05-21_23-10-2024  - INFO - ct_analyser.py - Analyser Object Initialized Successfully
22-05-23_23-10-2024  - INFO - ChromTroller.py - Identified Peak: None
22-05-23_23-10-2024  - INFO - ct_server.py - Response sent to client: {'peak_rt': None, 'integral': None}
22-05-23_23-10-2024  - INFO - ct_server.py - Client disconnected at 22:05:23_23-10-2024
22-05-49_23-10-2024  - INFO - ct_server.py - Client connected at 22:05:49_23-10-2024
23-20-02_23-10-2024  - INFO - ChromTroller.py - Command received: new_run_name with data: 8
23-20-02_23-10-2024  - INFO - ChromTroller.py - New RunLog created: 8
23-20-02_23-10-2024  - INFO - ChromTroller.py - Command received: set_run_conc with data: 0.08875000000000001
23-20-02_23-10-2024  - INFO - ChromTroller.py - Command received: add_reagents with data: ['Polystyrene', 0.08875000000000001, 'tBuOOH', 8.25, 'NBS', 0.2375]
23-20-02_23-10-2024  - INFO - ChromTroller.py - RunLog updated with reagents: ['Polystyrene', 0.08875000000000001, 'tBuOOH', 8.25, 'NBS', 0.2375]
23-20-02_23-10-2024  - INFO - ChromTroller.py - Command received: add_reaction_conditions with data: {'residence_time': 3150.0, 'light_intensity': 76.25}
23-20-02_23-10-2024  - INFO - ChromTroller.py - RunLog updated with conditions: {'residence_time': 3150.0, 'light_intensity': 76.25}
23-20-02_23-10-2024  - INFO - ChromTroller.py - Command received: start_hplc_run with data: None
23-20-02_23-10-2024  - INFO - ChromTroller.py - HPLC analysis initiated
23-20-02_23-10-2024  - INFO - ct_controller.py - {'HPLC_analysis': 'INITIATED'}
23-20-02_23-10-2024  - INFO - ct_controller.py - {'hardware_connection_check': {'Arduino': 'SUCCESS', 'Valve': 'SUCCESS', 'Phase_Sensor': 'SUCCESS', 'LCMS': 'SUCCESS'}}
23-20-02_23-10-2024  - INFO - ct_controller.py - {'filling_pos_check': 'SUCCESS'}
23-20-02_23-10-2024  - INFO - ct_controller.py - {'ps_sample_detection': 'BYPASSED'}
23-20-02_23-10-2024  - INFO - ct_controller.py - {'send_start_signal': 'SUCCESS'}
23-20-02_23-10-2024  - INFO - ct_controller.py - {'start_request_acknowledged': 'INITIATED'}
23-20-03_23-10-2024  - INFO - ct_controller.py - {'start_request_acknowledged': 'SUCCESS'}
23-20-03_23-10-2024  - INFO - ct_controller.py - {'start_signal': 'WAITING'}
23-20-24_23-10-2024  - INFO - ct_controller.py - {'start_signal': 'SUCCESS'}
23-20-24_23-10-2024  - INFO - ct_controller.py - {'valve_switched_to_load': 'INITIATED'}
23-20-24_23-10-2024  - INFO - ct_controller.py - {'valve_switched_to_load': 'SUCCESS'}
23-20-24_23-10-2024  - INFO - ct_controller.py - {'sample_loading': 'WAITING'}
23-20-49_23-10-2024  - INFO - ct_controller.py - {'sample_loading': 'SUCCESS'}
23-20-49_23-10-2024  - INFO - ct_controller.py - {'valve_returned_to_bypass': 'SUCCESS'}
23-20-49_23-10-2024  - INFO - ct_controller.py - {'analysis_cycle_started': 'SUCCESS'}
23-20-49_23-10-2024  - INFO - ChromTroller.py - HPLC analysis initiation: SUCCESS
23-20-49_23-10-2024  - INFO - ct_server.py - Response sent to client: SUCCESS
23-20-49_23-10-2024  - INFO - ChromTroller.py - Command received: start_file_monitoring with data: None
23-20-49_23-10-2024  - INFO - ChromTroller.py - Current results directory set to: D:\CDSProjects\Polymer_Degradation\Results\PS_optimisation_campaign_24October2024.rslt
23-20-49_23-10-2024  - INFO - ChromTroller.py - File Monitoring Started.
23-27-27_23-10-2024  - INFO - ct_monitor.py - New File identified by ct_monitor: Run8_sample18.dx
23-27-27_23-10-2024  - INFO - ct_monitor.py - Run8_sample18.dx
23-27-27_23-10-2024  - INFO - ChromTroller.py - New File Found: Run8_sample18.dx
23-27-28_23-10-2024  - INFO - ct_server.py - Response sent to client: Run8_sample18.dx
23-27-28_23-10-2024  - INFO - ChromTroller.py - Command received: run_data_analysis with data: 3.96
23-27-28_23-10-2024  - INFO - ChromTroller.py - Current results directory set to: D:\CDSProjects\Polymer_Degradation\Results\PS_optimisation_campaign_24October2024.rslt
23-27-28_23-10-2024  - INFO - ct_analyser.py - loaded analysis settings from json
23-27-28_23-10-2024  - INFO - ct_analyser.py - settings object created from analysis json
23-27-28_23-10-2024  - INFO - ct_analyser.py - Analyser Object Initialized Successfully
23-27-30_23-10-2024  - INFO - ChromTroller.py - Identified Peak: None
23-27-30_23-10-2024  - INFO - ct_server.py - Response sent to client: {'peak_rt': None, 'integral': None}
23-27-30_23-10-2024  - INFO - ct_server.py - Client disconnected at 23:27:30_23-10-2024
23-28-00_23-10-2024  - INFO - ct_server.py - Client connected at 23:28:00_23-10-2024
00-51-21_24-10-2024  - INFO - ChromTroller.py - Command received: new_run_name with data: 9
00-51-21_24-10-2024  - INFO - ChromTroller.py - New RunLog created: 9
00-51-21_24-10-2024  - INFO - ChromTroller.py - Command received: set_run_conc with data: 0.043750000000000004
00-51-21_24-10-2024  - INFO - ChromTroller.py - Command received: add_reagents with data: ['Polystyrene', 0.043750000000000004, 'tBuOOH', 9.125, 'NBS', 0.08125]
00-51-21_24-10-2024  - INFO - ChromTroller.py - RunLog updated with reagents: ['Polystyrene', 0.043750000000000004, 'tBuOOH', 9.125, 'NBS', 0.08125]
00-51-21_24-10-2024  - INFO - ChromTroller.py - Command received: add_reaction_conditions with data: {'residence_time': 3375.0, 'light_intensity': 76.25}
00-51-21_24-10-2024  - INFO - ChromTroller.py - RunLog updated with conditions: {'residence_time': 3375.0, 'light_intensity': 76.25}
00-51-21_24-10-2024  - INFO - ChromTroller.py - Command received: start_hplc_run with data: None
00-51-21_24-10-2024  - INFO - ChromTroller.py - HPLC analysis initiated
00-51-21_24-10-2024  - INFO - ct_controller.py - {'HPLC_analysis': 'INITIATED'}
00-51-21_24-10-2024  - INFO - ct_controller.py - {'hardware_connection_check': {'Arduino': 'SUCCESS', 'Valve': 'SUCCESS', 'Phase_Sensor': 'SUCCESS', 'LCMS': 'SUCCESS'}}
00-51-21_24-10-2024  - INFO - ct_controller.py - {'filling_pos_check': 'SUCCESS'}
00-51-21_24-10-2024  - INFO - ct_controller.py - {'ps_sample_detection': 'BYPASSED'}
00-51-21_24-10-2024  - INFO - ct_controller.py - {'send_start_signal': 'SUCCESS'}
00-51-21_24-10-2024  - INFO - ct_controller.py - {'start_request_acknowledged': 'INITIATED'}
00-51-21_24-10-2024  - INFO - ct_controller.py - {'start_request_acknowledged': 'SUCCESS'}
00-51-21_24-10-2024  - INFO - ct_controller.py - {'start_signal': 'WAITING'}
00-51-42_24-10-2024  - INFO - ct_controller.py - {'start_signal': 'SUCCESS'}
00-51-42_24-10-2024  - INFO - ct_controller.py - {'valve_switched_to_load': 'INITIATED'}
00-51-42_24-10-2024  - INFO - ct_controller.py - {'valve_switched_to_load': 'SUCCESS'}
00-51-42_24-10-2024  - INFO - ct_controller.py - {'sample_loading': 'WAITING'}
00-52-07_24-10-2024  - INFO - ct_controller.py - {'sample_loading': 'SUCCESS'}
00-52-08_24-10-2024  - INFO - ct_controller.py - {'valve_returned_to_bypass': 'SUCCESS'}
00-52-08_24-10-2024  - INFO - ct_controller.py - {'analysis_cycle_started': 'SUCCESS'}
00-52-08_24-10-2024  - INFO - ChromTroller.py - HPLC analysis initiation: SUCCESS
00-52-08_24-10-2024  - INFO - ct_server.py - Response sent to client: SUCCESS
00-52-08_24-10-2024  - INFO - ChromTroller.py - Command received: start_file_monitoring with data: None
00-52-08_24-10-2024  - INFO - ChromTroller.py - Current results directory set to: D:\CDSProjects\Polymer_Degradation\Results\PS_optimisation_campaign_24October2024.rslt
00-52-08_24-10-2024  - INFO - ChromTroller.py - File Monitoring Started.
00-58-46_24-10-2024  - INFO - ct_monitor.py - New File identified by ct_monitor: Run9_sample20.dx
00-58-46_24-10-2024  - INFO - ct_monitor.py - Run9_sample20.dx
00-58-46_24-10-2024  - INFO - ChromTroller.py - New File Found: Run9_sample20.dx
00-58-46_24-10-2024  - INFO - ct_server.py - Response sent to client: Run9_sample20.dx
00-58-46_24-10-2024  - INFO - ChromTroller.py - Command received: run_data_analysis with data: 3.96
00-58-46_24-10-2024  - INFO - ChromTroller.py - Current results directory set to: D:\CDSProjects\Polymer_Degradation\Results\PS_optimisation_campaign_24October2024.rslt
00-58-46_24-10-2024  - INFO - ct_analyser.py - loaded analysis settings from json
00-58-46_24-10-2024  - INFO - ct_analyser.py - settings object created from analysis json
00-58-46_24-10-2024  - INFO - ct_analyser.py - Analyser Object Initialized Successfully
00-59-12_24-10-2024  - INFO - ct_server.py - Client connected at 00:59:12_24-10-2024
01-48-57_24-10-2024  - INFO - ChromTroller.py - Command received: new_run_name with data: 10
01-48-57_24-10-2024  - INFO - ChromTroller.py - New RunLog created: 10
01-48-57_24-10-2024  - INFO - ChromTroller.py - Command received: set_run_conc with data: 0.026171875000000004
01-48-57_24-10-2024  - INFO - ChromTroller.py - Command received: add_reagents with data: ['Polystyrene', 0.026171875000000004, 'tBuOOH', 9.9453125, 'NBS', 0.298046875]
01-48-57_24-10-2024  - INFO - ChromTroller.py - RunLog updated with reagents: ['Polystyrene', 0.026171875000000004, 'tBuOOH', 9.9453125, 'NBS', 0.298046875]
01-48-57_24-10-2024  - INFO - ChromTroller.py - Command received: add_reaction_conditions with data: {'residence_time': 1828.125, 'light_intensity': 98.515625}
01-48-57_24-10-2024  - INFO - ChromTroller.py - RunLog updated with conditions: {'residence_time': 1828.125, 'light_intensity': 98.515625}
01-48-57_24-10-2024  - INFO - ChromTroller.py - Command received: start_hplc_run with data: None
01-48-57_24-10-2024  - INFO - ChromTroller.py - HPLC analysis initiated
01-48-57_24-10-2024  - INFO - ct_controller.py - {'HPLC_analysis': 'INITIATED'}
01-48-57_24-10-2024  - INFO - ct_controller.py - {'hardware_connection_check': {'Arduino': 'SUCCESS', 'Valve': 'SUCCESS', 'Phase_Sensor': 'SUCCESS', 'LCMS': 'SUCCESS'}}
01-48-57_24-10-2024  - INFO - ct_controller.py - {'filling_pos_check': 'SUCCESS'}
01-48-57_24-10-2024  - INFO - ct_controller.py - {'ps_sample_detection': 'BYPASSED'}
01-48-57_24-10-2024  - INFO - ct_controller.py - {'send_start_signal': 'SUCCESS'}
01-48-57_24-10-2024  - INFO - ct_controller.py - {'start_request_acknowledged': 'INITIATED'}
01-48-57_24-10-2024  - INFO - ct_controller.py - {'start_request_acknowledged': 'SUCCESS'}
01-48-58_24-10-2024  - INFO - ct_controller.py - {'start_signal': 'WAITING'}
01-49-18_24-10-2024  - INFO - ct_controller.py - {'start_signal': 'SUCCESS'}
01-49-18_24-10-2024  - INFO - ct_controller.py - {'valve_switched_to_load': 'INITIATED'}
01-49-18_24-10-2024  - INFO - ct_controller.py - {'valve_switched_to_load': 'SUCCESS'}
01-49-18_24-10-2024  - INFO - ct_controller.py - {'sample_loading': 'WAITING'}
01-49-43_24-10-2024  - INFO - ct_controller.py - {'sample_loading': 'SUCCESS'}
01-49-44_24-10-2024  - INFO - ct_controller.py - {'valve_returned_to_bypass': 'SUCCESS'}
01-49-44_24-10-2024  - INFO - ct_controller.py - {'analysis_cycle_started': 'SUCCESS'}
01-49-44_24-10-2024  - INFO - ChromTroller.py - HPLC analysis initiation: SUCCESS
01-49-44_24-10-2024  - INFO - ct_server.py - Response sent to client: SUCCESS
01-49-44_24-10-2024  - INFO - ChromTroller.py - Command received: start_file_monitoring with data: None
01-49-44_24-10-2024  - INFO - ChromTroller.py - Current results directory set to: D:\CDSProjects\Polymer_Degradation\Results\PS_optimisation_campaign_24October2024.rslt
01-49-44_24-10-2024  - INFO - ChromTroller.py - File Monitoring Started.
01-56-21_24-10-2024  - INFO - ct_monitor.py - New File identified by ct_monitor: Run10_sample22.dx
01-56-21_24-10-2024  - INFO - ct_monitor.py - Run10_sample22.dx
01-56-22_24-10-2024  - INFO - ChromTroller.py - New File Found: Run10_sample22.dx
01-56-22_24-10-2024  - INFO - ct_server.py - Response sent to client: Run10_sample22.dx
01-56-22_24-10-2024  - INFO - ChromTroller.py - Command received: run_data_analysis with data: 3.96
01-56-22_24-10-2024  - INFO - ChromTroller.py - Current results directory set to: D:\CDSProjects\Polymer_Degradation\Results\PS_optimisation_campaign_24October2024.rslt
01-56-22_24-10-2024  - INFO - ct_analyser.py - loaded analysis settings from json
01-56-22_24-10-2024  - INFO - ct_analyser.py - settings object created from analysis json
01-56-22_24-10-2024  - INFO - ct_analyser.py - Analyser Object Initialized Successfully
01-56-24_24-10-2024  - INFO - ChromTroller.py - Identified Peak: None
01-56-24_24-10-2024  - INFO - ct_server.py - Response sent to client: {'peak_rt': None, 'integral': None}
01-56-24_24-10-2024  - INFO - ct_server.py - Client disconnected at 01:56:24_24-10-2024
01-56-49_24-10-2024  - INFO - ct_server.py - Client connected at 01:56:49_24-10-2024
02-53-53_24-10-2024  - INFO - ChromTroller.py - Command received: new_run_name with data: 11
02-53-53_24-10-2024  - INFO - ChromTroller.py - New RunLog created: 11
02-53-53_24-10-2024  - INFO - ChromTroller.py - Command received: set_run_conc with data: 0.043750000000000004
02-53-53_24-10-2024  - INFO - ChromTroller.py - Command received: add_reagents with data: ['Polystyrene', 0.043750000000000004, 'tBuOOH', 9.125, 'NBS', 0.20625]
02-53-53_24-10-2024  - INFO - ChromTroller.py - RunLog updated with reagents: ['Polystyrene', 0.043750000000000004, 'tBuOOH', 9.125, 'NBS', 0.20625]
02-53-53_24-10-2024  - INFO - ChromTroller.py - Command received: add_reaction_conditions with data: {'residence_time': 2250.0, 'light_intensity': 28.75}
02-53-53_24-10-2024  - INFO - ChromTroller.py - RunLog updated with conditions: {'residence_time': 2250.0, 'light_intensity': 28.75}
02-53-53_24-10-2024  - INFO - ChromTroller.py - Command received: start_hplc_run with data: None
02-53-53_24-10-2024  - INFO - ChromTroller.py - HPLC analysis initiated
02-53-53_24-10-2024  - INFO - ct_controller.py - {'HPLC_analysis': 'INITIATED'}
02-53-53_24-10-2024  - INFO - ct_controller.py - {'hardware_connection_check': {'Arduino': 'SUCCESS', 'Valve': 'SUCCESS', 'Phase_Sensor': 'SUCCESS', 'LCMS': 'SUCCESS'}}
02-53-53_24-10-2024  - INFO - ct_controller.py - {'filling_pos_check': 'SUCCESS'}
02-53-53_24-10-2024  - INFO - ct_controller.py - {'ps_sample_detection': 'BYPASSED'}
02-53-53_24-10-2024  - INFO - ct_controller.py - {'send_start_signal': 'SUCCESS'}
02-53-53_24-10-2024  - INFO - ct_controller.py - {'start_request_acknowledged': 'INITIATED'}
02-53-53_24-10-2024  - INFO - ct_controller.py - {'start_request_acknowledged': 'SUCCESS'}
02-53-54_24-10-2024  - INFO - ct_controller.py - {'start_signal': 'WAITING'}
02-54-14_24-10-2024  - INFO - ct_controller.py - {'start_signal': 'SUCCESS'}
02-54-14_24-10-2024  - INFO - ct_controller.py - {'valve_switched_to_load': 'INITIATED'}
02-54-14_24-10-2024  - INFO - ct_controller.py - {'valve_switched_to_load': 'SUCCESS'}
02-54-14_24-10-2024  - INFO - ct_controller.py - {'sample_loading': 'WAITING'}
02-54-39_24-10-2024  - INFO - ct_controller.py - {'sample_loading': 'SUCCESS'}
02-54-40_24-10-2024  - INFO - ct_controller.py - {'valve_returned_to_bypass': 'SUCCESS'}
02-54-40_24-10-2024  - INFO - ct_controller.py - {'analysis_cycle_started': 'SUCCESS'}
02-54-40_24-10-2024  - INFO - ChromTroller.py - HPLC analysis initiation: SUCCESS
02-54-40_24-10-2024  - INFO - ct_server.py - Response sent to client: SUCCESS
02-54-40_24-10-2024  - INFO - ChromTroller.py - Command received: start_file_monitoring with data: None
02-54-40_24-10-2024  - INFO - ChromTroller.py - Current results directory set to: D:\CDSProjects\Polymer_Degradation\Results\PS_optimisation_campaign_24October2024.rslt
02-54-40_24-10-2024  - INFO - ChromTroller.py - File Monitoring Started.
03-01-17_24-10-2024  - INFO - ct_monitor.py - New File identified by ct_monitor: Run11_sample24.dx
03-01-17_24-10-2024  - INFO - ct_monitor.py - Run11_sample24.dx
03-01-17_24-10-2024  - INFO - ChromTroller.py - New File Found: Run11_sample24.dx
03-01-17_24-10-2024  - INFO - ct_server.py - Response sent to client: Run11_sample24.dx
03-01-17_24-10-2024  - INFO - ChromTroller.py - Command received: run_data_analysis with data: 3.96
03-01-17_24-10-2024  - INFO - ChromTroller.py - Current results directory set to: D:\CDSProjects\Polymer_Degradation\Results\PS_optimisation_campaign_24October2024.rslt
03-01-17_24-10-2024  - INFO - ct_analyser.py - loaded analysis settings from json
03-01-17_24-10-2024  - INFO - ct_analyser.py - settings object created from analysis json
03-01-17_24-10-2024  - INFO - ct_analyser.py - Analyser Object Initialized Successfully
03-01-20_24-10-2024  - INFO - ChromTroller.py - Identified Peak: None
03-01-20_24-10-2024  - INFO - ct_server.py - Response sent to client: {'peak_rt': None, 'integral': None}
03-01-20_24-10-2024  - INFO - ct_server.py - Client disconnected at 03:01:20_24-10-2024
03-01-46_24-10-2024  - INFO - ct_server.py - Client connected at 03:01:46_24-10-2024
04-16-06_24-10-2024  - INFO - ChromTroller.py - Command received: new_run_name with data: 12
04-16-06_24-10-2024  - INFO - ChromTroller.py - New RunLog created: 12
04-16-06_24-10-2024  - INFO - ChromTroller.py - Command received: set_run_conc with data: 0.08875000000000001
04-16-06_24-10-2024  - INFO - ChromTroller.py - Command received: add_reagents with data: ['Polystyrene', 0.08875000000000001, 'tBuOOH', 3.875, 'NBS', 0.2375]
04-16-06_24-10-2024  - INFO - ChromTroller.py - RunLog updated with reagents: ['Polystyrene', 0.08875000000000001, 'tBuOOH', 3.875, 'NBS', 0.2375]
04-16-06_24-10-2024  - INFO - ChromTroller.py - Command received: add_reaction_conditions with data: {'residence_time': 3150.0, 'light_intensity': 76.25}
04-16-06_24-10-2024  - INFO - ChromTroller.py - RunLog updated with conditions: {'residence_time': 3150.0, 'light_intensity': 76.25}
04-16-06_24-10-2024  - INFO - ChromTroller.py - Command received: start_hplc_run with data: None
04-16-06_24-10-2024  - INFO - ChromTroller.py - HPLC analysis initiated
04-16-06_24-10-2024  - INFO - ct_controller.py - {'HPLC_analysis': 'INITIATED'}
04-16-06_24-10-2024  - INFO - ct_controller.py - {'hardware_connection_check': {'Arduino': 'SUCCESS', 'Valve': 'SUCCESS', 'Phase_Sensor': 'SUCCESS', 'LCMS': 'SUCCESS'}}
04-16-06_24-10-2024  - INFO - ct_controller.py - {'filling_pos_check': 'SUCCESS'}
04-16-06_24-10-2024  - INFO - ct_controller.py - {'ps_sample_detection': 'BYPASSED'}
04-16-06_24-10-2024  - INFO - ct_controller.py - {'send_start_signal': 'SUCCESS'}
04-16-06_24-10-2024  - INFO - ct_controller.py - {'start_request_acknowledged': 'INITIATED'}
04-16-06_24-10-2024  - INFO - ct_controller.py - {'start_request_acknowledged': 'SUCCESS'}
04-16-07_24-10-2024  - INFO - ct_controller.py - {'start_signal': 'WAITING'}
04-16-27_24-10-2024  - INFO - ct_controller.py - {'start_signal': 'SUCCESS'}
04-16-27_24-10-2024  - INFO - ct_controller.py - {'valve_switched_to_load': 'INITIATED'}
04-16-28_24-10-2024  - INFO - ct_controller.py - {'valve_switched_to_load': 'SUCCESS'}
04-16-28_24-10-2024  - INFO - ct_controller.py - {'sample_loading': 'WAITING'}
04-16-53_24-10-2024  - INFO - ct_controller.py - {'sample_loading': 'SUCCESS'}
04-16-53_24-10-2024  - INFO - ct_controller.py - {'valve_returned_to_bypass': 'SUCCESS'}
04-16-53_24-10-2024  - INFO - ct_controller.py - {'analysis_cycle_started': 'SUCCESS'}
04-16-53_24-10-2024  - INFO - ChromTroller.py - HPLC analysis initiation: SUCCESS
04-16-53_24-10-2024  - INFO - ct_server.py - Response sent to client: SUCCESS
04-16-53_24-10-2024  - INFO - ChromTroller.py - Command received: start_file_monitoring with data: None
04-16-53_24-10-2024  - INFO - ChromTroller.py - Current results directory set to: D:\CDSProjects\Polymer_Degradation\Results\PS_optimisation_campaign_24October2024.rslt
04-16-53_24-10-2024  - INFO - ChromTroller.py - File Monitoring Started.
04-23-30_24-10-2024  - INFO - ct_monitor.py - New File identified by ct_monitor: Run12_sample26.dx
04-23-30_24-10-2024  - INFO - ct_monitor.py - Run12_sample26.dx
04-23-30_24-10-2024  - INFO - ChromTroller.py - New File Found: Run12_sample26.dx
04-23-30_24-10-2024  - INFO - ct_server.py - Response sent to client: Run12_sample26.dx
04-23-30_24-10-2024  - INFO - ChromTroller.py - Command received: run_data_analysis with data: 3.96
04-23-30_24-10-2024  - INFO - ChromTroller.py - Current results directory set to: D:\CDSProjects\Polymer_Degradation\Results\PS_optimisation_campaign_24October2024.rslt
04-23-30_24-10-2024  - INFO - ct_analyser.py - loaded analysis settings from json
04-23-30_24-10-2024  - INFO - ct_analyser.py - settings object created from analysis json
04-23-30_24-10-2024  - INFO - ct_analyser.py - Analyser Object Initialized Successfully
04-23-33_24-10-2024  - INFO - ChromTroller.py - Identified Peak: {'peak_rt': 3.948, 'integral': 924912964.6818004}
04-23-33_24-10-2024  - INFO - ct_server.py - Response sent to client: {'peak_rt': 3.948, 'integral': 924912964.6818004}
04-23-33_24-10-2024  - INFO - ct_server.py - Client disconnected at 04:23:33_24-10-2024
04-23-59_24-10-2024  - INFO - ct_server.py - Client connected at 04:23:59_24-10-2024
05-47-21_24-10-2024  - INFO - ChromTroller.py - Command received: new_run_name with data: 13
05-47-21_24-10-2024  - INFO - ChromTroller.py - New RunLog created: 13
05-47-21_24-10-2024  - INFO - ChromTroller.py - Command received: set_run_conc with data: 0.09999998927116395
05-47-21_24-10-2024  - INFO - ChromTroller.py - Command received: add_reagents with data: ['Polystyrene', 0.09999998927116395, 'tBuOOH', 6.987729787826538, 'NBS', 0.05000005960464478]
05-47-21_24-10-2024  - INFO - ChromTroller.py - RunLog updated with reagents: ['Polystyrene', 0.09999998927116395, 'tBuOOH', 6.987729787826538, 'NBS', 0.05000005960464478]
05-47-21_24-10-2024  - INFO - ChromTroller.py - Command received: add_reaction_conditions with data: {'residence_time': 3599.9995708465576, 'light_intensity': 5.000022649765015}
05-47-21_24-10-2024  - INFO - ChromTroller.py - RunLog updated with conditions: {'residence_time': 3599.9995708465576, 'light_intensity': 5.000022649765015}
05-47-21_24-10-2024  - INFO - ChromTroller.py - Command received: start_hplc_run with data: None
05-47-21_24-10-2024  - INFO - ChromTroller.py - HPLC analysis initiated
05-47-21_24-10-2024  - INFO - ct_controller.py - {'HPLC_analysis': 'INITIATED'}
05-47-21_24-10-2024  - INFO - ct_controller.py - {'hardware_connection_check': {'Arduino': 'SUCCESS', 'Valve': 'SUCCESS', 'Phase_Sensor': 'SUCCESS', 'LCMS': 'SUCCESS'}}
05-47-21_24-10-2024  - INFO - ct_controller.py - {'filling_pos_check': 'SUCCESS'}
05-47-21_24-10-2024  - INFO - ct_controller.py - {'ps_sample_detection': 'BYPASSED'}
05-47-21_24-10-2024  - INFO - ct_controller.py - {'send_start_signal': 'SUCCESS'}
05-47-21_24-10-2024  - INFO - ct_controller.py - {'start_request_acknowledged': 'INITIATED'}
05-47-21_24-10-2024  - INFO - ct_controller.py - {'start_request_acknowledged': 'SUCCESS'}
05-47-22_24-10-2024  - INFO - ct_controller.py - {'start_signal': 'WAITING'}
05-47-43_24-10-2024  - INFO - ct_controller.py - {'start_signal': 'SUCCESS'}
05-47-43_24-10-2024  - INFO - ct_controller.py - {'valve_switched_to_load': 'INITIATED'}
05-47-43_24-10-2024  - INFO - ct_controller.py - {'valve_switched_to_load': 'SUCCESS'}
05-47-43_24-10-2024  - INFO - ct_controller.py - {'sample_loading': 'WAITING'}
05-48-08_24-10-2024  - INFO - ct_controller.py - {'sample_loading': 'SUCCESS'}
05-48-08_24-10-2024  - INFO - ct_controller.py - {'valve_returned_to_bypass': 'SUCCESS'}
05-48-08_24-10-2024  - INFO - ct_controller.py - {'analysis_cycle_started': 'SUCCESS'}
05-48-08_24-10-2024  - INFO - ChromTroller.py - HPLC analysis initiation: SUCCESS
05-48-08_24-10-2024  - INFO - ct_server.py - Response sent to client: SUCCESS
05-48-08_24-10-2024  - INFO - ChromTroller.py - Command received: start_file_monitoring with data: None
05-48-08_24-10-2024  - INFO - ChromTroller.py - Current results directory set to: D:\CDSProjects\Polymer_Degradation\Results\PS_optimisation_campaign_24October2024.rslt
05-48-08_24-10-2024  - INFO - ChromTroller.py - File Monitoring Started.
05-54-46_24-10-2024  - INFO - ct_monitor.py - New File identified by ct_monitor: Run13_sample28.dx
05-54-46_24-10-2024  - INFO - ct_monitor.py - Run13_sample28.dx
05-54-46_24-10-2024  - INFO - ChromTroller.py - New File Found: Run13_sample28.dx
05-54-46_24-10-2024  - INFO - ct_server.py - Response sent to client: Run13_sample28.dx
05-54-46_24-10-2024  - INFO - ChromTroller.py - Command received: run_data_analysis with data: 3.96
05-54-46_24-10-2024  - INFO - ChromTroller.py - Current results directory set to: D:\CDSProjects\Polymer_Degradation\Results\PS_optimisation_campaign_24October2024.rslt
05-54-46_24-10-2024  - INFO - ct_analyser.py - loaded analysis settings from json
05-54-46_24-10-2024  - INFO - ct_analyser.py - settings object created from analysis json
05-54-46_24-10-2024  - INFO - ct_analyser.py - Analyser Object Initialized Successfully
05-54-49_24-10-2024  - INFO - ChromTroller.py - Identified Peak: None
05-54-49_24-10-2024  - INFO - ct_server.py - Response sent to client: {'peak_rt': None, 'integral': None}
05-54-49_24-10-2024  - INFO - ct_server.py - Client disconnected at 05:54:49_24-10-2024
05-55-15_24-10-2024  - INFO - ct_server.py - Client connected at 05:55:15_24-10-2024
07-18-38_24-10-2024  - INFO - ChromTroller.py - Command received: new_run_name with data: 14
07-18-38_24-10-2024  - INFO - ChromTroller.py - New RunLog created: 14
07-18-38_24-10-2024  - INFO - ChromTroller.py - Command received: set_run_conc with data: 0.09999991416931153
07-18-38_24-10-2024  - INFO - ChromTroller.py - Command received: add_reagents with data: ['Polystyrene', 0.09999991416931153, 'tBuOOH', 3.000006675720215, 'NBS', 0.2999997615814209]
07-18-38_24-10-2024  - INFO - ChromTroller.py - RunLog updated with reagents: ['Polystyrene', 0.09999991416931153, 'tBuOOH', 3.000006675720215, 'NBS', 0.2999997615814209]
07-18-38_24-10-2024  - INFO - ChromTroller.py - Command received: add_reaction_conditions with data: {'residence_time': 3599.9982833862305, 'light_intensity': 97.95916557312012}
07-18-38_24-10-2024  - INFO - ChromTroller.py - RunLog updated with conditions: {'residence_time': 3599.9982833862305, 'light_intensity': 97.95916557312012}
07-18-38_24-10-2024  - INFO - ChromTroller.py - Command received: start_hplc_run with data: None
07-18-38_24-10-2024  - INFO - ChromTroller.py - HPLC analysis initiated
07-18-38_24-10-2024  - INFO - ct_controller.py - {'HPLC_analysis': 'INITIATED'}
07-18-38_24-10-2024  - INFO - ct_controller.py - {'hardware_connection_check': {'Arduino': 'SUCCESS', 'Valve': 'SUCCESS', 'Phase_Sensor': 'SUCCESS', 'LCMS': 'SUCCESS'}}
07-18-38_24-10-2024  - INFO - ct_controller.py - {'filling_pos_check': 'SUCCESS'}
07-18-38_24-10-2024  - INFO - ct_controller.py - {'ps_sample_detection': 'BYPASSED'}
07-18-39_24-10-2024  - INFO - ct_controller.py - {'send_start_signal': 'SUCCESS'}
07-18-39_24-10-2024  - INFO - ct_controller.py - {'start_request_acknowledged': 'INITIATED'}
07-18-39_24-10-2024  - INFO - ct_controller.py - {'start_request_acknowledged': 'SUCCESS'}
07-18-39_24-10-2024  - INFO - ct_controller.py - {'start_signal': 'WAITING'}
07-19-00_24-10-2024  - INFO - ct_controller.py - {'start_signal': 'SUCCESS'}
07-19-00_24-10-2024  - INFO - ct_controller.py - {'valve_switched_to_load': 'INITIATED'}
07-19-00_24-10-2024  - INFO - ct_controller.py - {'valve_switched_to_load': 'SUCCESS'}
07-19-00_24-10-2024  - INFO - ct_controller.py - {'sample_loading': 'WAITING'}
07-19-25_24-10-2024  - INFO - ct_controller.py - {'sample_loading': 'SUCCESS'}
07-19-25_24-10-2024  - INFO - ct_controller.py - {'valve_returned_to_bypass': 'SUCCESS'}
07-19-25_24-10-2024  - INFO - ct_controller.py - {'analysis_cycle_started': 'SUCCESS'}
07-19-25_24-10-2024  - INFO - ChromTroller.py - HPLC analysis initiation: SUCCESS
07-19-25_24-10-2024  - INFO - ct_server.py - Response sent to client: SUCCESS
07-19-25_24-10-2024  - INFO - ChromTroller.py - Command received: start_file_monitoring with data: None
07-19-25_24-10-2024  - INFO - ChromTroller.py - Current results directory set to: D:\CDSProjects\Polymer_Degradation\Results\PS_optimisation_campaign_24October2024.rslt
07-19-25_24-10-2024  - INFO - ChromTroller.py - File Monitoring Started.
07-26-03_24-10-2024  - INFO - ct_monitor.py - New File identified by ct_monitor: Run14_sample30.dx
07-26-03_24-10-2024  - INFO - ct_monitor.py - Run14_sample30.dx
07-26-03_24-10-2024  - INFO - ChromTroller.py - New File Found: Run14_sample30.dx
07-26-03_24-10-2024  - INFO - ct_server.py - Response sent to client: Run14_sample30.dx
07-26-03_24-10-2024  - INFO - ChromTroller.py - Command received: run_data_analysis with data: 3.96
07-26-03_24-10-2024  - INFO - ChromTroller.py - Current results directory set to: D:\CDSProjects\Polymer_Degradation\Results\PS_optimisation_campaign_24October2024.rslt
07-26-03_24-10-2024  - INFO - ct_analyser.py - loaded analysis settings from json
07-26-03_24-10-2024  - INFO - ct_analyser.py - settings object created from analysis json
07-26-03_24-10-2024  - INFO - ct_analyser.py - Analyser Object Initialized Successfully
07-26-05_24-10-2024  - INFO - ChromTroller.py - Identified Peak: {'peak_rt': 3.95, 'integral': 823340700.764122}
07-26-05_24-10-2024  - INFO - ct_server.py - Response sent to client: {'peak_rt': 3.95, 'integral': 823340700.764122}
07-26-05_24-10-2024  - INFO - ct_server.py - Client disconnected at 07:26:05_24-10-2024
07-26-32_24-10-2024  - INFO - ct_server.py - Client connected at 07:26:32_24-10-2024
08-49-56_24-10-2024  - INFO - ChromTroller.py - Command received: new_run_name with data: 15
08-49-56_24-10-2024  - INFO - ChromTroller.py - New RunLog created: 15
08-49-56_24-10-2024  - INFO - ChromTroller.py - Command received: set_run_conc with data: 0.08875000000000001
08-49-56_24-10-2024  - INFO - ChromTroller.py - Command received: add_reagents with data: ['Polystyrene', 0.08875000000000001, 'tBuOOH', 3.875, 'NBS', 0.26875]
08-49-56_24-10-2024  - INFO - ChromTroller.py - RunLog updated with reagents: ['Polystyrene', 0.08875000000000001, 'tBuOOH', 3.875, 'NBS', 0.26875]
08-49-56_24-10-2024  - INFO - ChromTroller.py - Command received: add_reaction_conditions with data: {'residence_time': 3375.0, 'light_intensity': 76.25}
08-49-56_24-10-2024  - INFO - ChromTroller.py - RunLog updated with conditions: {'residence_time': 3375.0, 'light_intensity': 76.25}
08-49-56_24-10-2024  - INFO - ChromTroller.py - Command received: start_hplc_run with data: None
08-49-56_24-10-2024  - INFO - ChromTroller.py - HPLC analysis initiated
08-49-56_24-10-2024  - INFO - ct_controller.py - {'HPLC_analysis': 'INITIATED'}
08-49-56_24-10-2024  - INFO - ct_controller.py - {'hardware_connection_check': {'Arduino': 'SUCCESS', 'Valve': 'SUCCESS', 'Phase_Sensor': 'SUCCESS', 'LCMS': 'SUCCESS'}}
08-49-56_24-10-2024  - INFO - ct_controller.py - {'filling_pos_check': 'SUCCESS'}
08-49-56_24-10-2024  - INFO - ct_controller.py - {'ps_sample_detection': 'BYPASSED'}
08-49-56_24-10-2024  - INFO - ct_controller.py - {'send_start_signal': 'SUCCESS'}
08-49-56_24-10-2024  - INFO - ct_controller.py - {'start_request_acknowledged': 'INITIATED'}
08-49-56_24-10-2024  - INFO - ct_controller.py - {'start_request_acknowledged': 'SUCCESS'}
08-49-57_24-10-2024  - INFO - ct_controller.py - {'start_signal': 'WAITING'}
08-50-17_24-10-2024  - INFO - ct_controller.py - {'start_signal': 'SUCCESS'}
08-50-17_24-10-2024  - INFO - ct_controller.py - {'valve_switched_to_load': 'INITIATED'}
08-50-17_24-10-2024  - INFO - ct_controller.py - {'valve_switched_to_load': 'SUCCESS'}
08-50-17_24-10-2024  - INFO - ct_controller.py - {'sample_loading': 'WAITING'}
08-50-42_24-10-2024  - INFO - ct_controller.py - {'sample_loading': 'SUCCESS'}
08-50-42_24-10-2024  - INFO - ct_controller.py - {'valve_returned_to_bypass': 'SUCCESS'}
08-50-42_24-10-2024  - INFO - ct_controller.py - {'analysis_cycle_started': 'SUCCESS'}
08-50-42_24-10-2024  - INFO - ChromTroller.py - HPLC analysis initiation: SUCCESS
08-50-42_24-10-2024  - INFO - ct_server.py - Response sent to client: SUCCESS
08-50-42_24-10-2024  - INFO - ChromTroller.py - Command received: start_file_monitoring with data: None
08-50-42_24-10-2024  - INFO - ChromTroller.py - Current results directory set to: D:\CDSProjects\Polymer_Degradation\Results\PS_optimisation_campaign_24October2024.rslt
08-50-42_24-10-2024  - INFO - ChromTroller.py - File Monitoring Started.
08-57-20_24-10-2024  - INFO - ct_monitor.py - New File identified by ct_monitor: Run15_sample32.dx
08-57-20_24-10-2024  - INFO - ct_monitor.py - Run15_sample32.dx
08-57-20_24-10-2024  - INFO - ChromTroller.py - New File Found: Run15_sample32.dx
08-57-20_24-10-2024  - INFO - ct_server.py - Response sent to client: Run15_sample32.dx
08-57-20_24-10-2024  - INFO - ChromTroller.py - Command received: run_data_analysis with data: 3.96
08-57-20_24-10-2024  - INFO - ChromTroller.py - Current results directory set to: D:\CDSProjects\Polymer_Degradation\Results\PS_optimisation_campaign_24October2024.rslt
08-57-20_24-10-2024  - INFO - ct_analyser.py - loaded analysis settings from json
08-57-20_24-10-2024  - INFO - ct_analyser.py - settings object created from analysis json
08-57-20_24-10-2024  - INFO - ct_analyser.py - Analyser Object Initialized Successfully
08-57-46_24-10-2024  - INFO - ct_server.py - Client connected at 08:57:46_24-10-2024
10-05-02_24-10-2024  - INFO - ChromTroller.py - Command received: new_run_name with data: 16
10-05-02_24-10-2024  - INFO - ChromTroller.py - New RunLog created: 16
10-05-02_24-10-2024  - INFO - ChromTroller.py - Command received: set_run_conc with data: 0.0325
10-05-02_24-10-2024  - INFO - ChromTroller.py - Command received: add_reagents with data: ['Polystyrene', 0.0325, 'tBuOOH', 8.25, 'NBS', 0.2375]
10-05-02_24-10-2024  - INFO - ChromTroller.py - RunLog updated with reagents: ['Polystyrene', 0.0325, 'tBuOOH', 8.25, 'NBS', 0.2375]
10-05-02_24-10-2024  - INFO - ChromTroller.py - Command received: add_reaction_conditions with data: {'residence_time': 2700.0, 'light_intensity': 76.25}
10-05-02_24-10-2024  - INFO - ChromTroller.py - RunLog updated with conditions: {'residence_time': 2700.0, 'light_intensity': 76.25}
10-05-02_24-10-2024  - INFO - ChromTroller.py - Command received: start_hplc_run with data: None
10-05-02_24-10-2024  - INFO - ChromTroller.py - HPLC analysis initiated
10-05-02_24-10-2024  - INFO - ct_controller.py - {'HPLC_analysis': 'INITIATED'}
10-05-02_24-10-2024  - INFO - ct_controller.py - {'hardware_connection_check': {'Arduino': 'SUCCESS', 'Valve': 'SUCCESS', 'Phase_Sensor': 'SUCCESS', 'LCMS': 'SUCCESS'}}
10-05-02_24-10-2024  - INFO - ct_controller.py - {'filling_pos_check': 'SUCCESS'}
10-05-02_24-10-2024  - INFO - ct_controller.py - {'ps_sample_detection': 'BYPASSED'}
10-05-03_24-10-2024  - INFO - ct_controller.py - {'send_start_signal': 'SUCCESS'}
10-05-03_24-10-2024  - INFO - ct_controller.py - {'start_request_acknowledged': 'INITIATED'}
10-05-03_24-10-2024  - INFO - ct_controller.py - {'start_request_acknowledged': 'SUCCESS'}
10-05-03_24-10-2024  - INFO - ct_controller.py - {'start_signal': 'WAITING'}
10-05-24_24-10-2024  - INFO - ct_controller.py - {'start_signal': 'SUCCESS'}
10-05-24_24-10-2024  - INFO - ct_controller.py - {'valve_switched_to_load': 'INITIATED'}
10-05-24_24-10-2024  - INFO - ct_controller.py - {'valve_switched_to_load': 'SUCCESS'}
10-05-24_24-10-2024  - INFO - ct_controller.py - {'sample_loading': 'WAITING'}
10-05-49_24-10-2024  - INFO - ct_controller.py - {'sample_loading': 'SUCCESS'}
10-05-49_24-10-2024  - INFO - ct_controller.py - {'valve_returned_to_bypass': 'SUCCESS'}
10-05-49_24-10-2024  - INFO - ct_controller.py - {'analysis_cycle_started': 'SUCCESS'}
10-05-49_24-10-2024  - INFO - ChromTroller.py - HPLC analysis initiation: SUCCESS
10-05-49_24-10-2024  - INFO - ct_server.py - Response sent to client: SUCCESS
10-05-49_24-10-2024  - INFO - ChromTroller.py - Command received: start_file_monitoring with data: None
10-05-49_24-10-2024  - INFO - ChromTroller.py - Current results directory set to: D:\CDSProjects\Polymer_Degradation\Results\PS_optimisation_campaign_24October2024.rslt
10-05-49_24-10-2024  - INFO - ChromTroller.py - File Monitoring Started.
10-12-27_24-10-2024  - INFO - ct_monitor.py - New File identified by ct_monitor: Run16_sample34.dx
10-12-27_24-10-2024  - INFO - ct_monitor.py - Run16_sample34.dx
10-12-28_24-10-2024  - INFO - ChromTroller.py - New File Found: Run16_sample34.dx
10-12-28_24-10-2024  - INFO - ct_server.py - Response sent to client: Run16_sample34.dx
10-12-28_24-10-2024  - INFO - ChromTroller.py - Command received: run_data_analysis with data: 3.96
10-12-28_24-10-2024  - INFO - ChromTroller.py - Current results directory set to: D:\CDSProjects\Polymer_Degradation\Results\PS_optimisation_campaign_24October2024.rslt
10-12-28_24-10-2024  - INFO - ct_analyser.py - loaded analysis settings from json
10-12-28_24-10-2024  - INFO - ct_analyser.py - settings object created from analysis json
10-12-28_24-10-2024  - INFO - ct_analyser.py - Analyser Object Initialized Successfully
10-12-30_24-10-2024  - INFO - ChromTroller.py - Identified Peak: None
10-12-30_24-10-2024  - INFO - ct_server.py - Response sent to client: {'peak_rt': None, 'integral': None}
10-12-30_24-10-2024  - INFO - ct_server.py - Client disconnected at 10:12:30_24-10-2024
10-13-01_24-10-2024  - INFO - ct_server.py - Client connected at 10:13:01_24-10-2024
11-09-58_24-10-2024  - INFO - ChromTroller.py - Command received: new_run_name with data: 17
11-09-58_24-10-2024  - INFO - ChromTroller.py - New RunLog created: 17
11-09-58_24-10-2024  - INFO - ChromTroller.py - Command received: set_run_conc with data: 0.08875000000000001
11-09-58_24-10-2024  - INFO - ChromTroller.py - Command received: add_reagents with data: ['Polystyrene', 0.08875000000000001, 'tBuOOH', 9.125, 'NBS', 0.2375]
11-09-58_24-10-2024  - INFO - ChromTroller.py - RunLog updated with reagents: ['Polystyrene', 0.08875000000000001, 'tBuOOH', 9.125, 'NBS', 0.2375]
11-09-58_24-10-2024  - INFO - ChromTroller.py - Command received: add_reaction_conditions with data: {'residence_time': 2250.0, 'light_intensity': 28.75}
11-09-58_24-10-2024  - INFO - ChromTroller.py - RunLog updated with conditions: {'residence_time': 2250.0, 'light_intensity': 28.75}
11-09-58_24-10-2024  - INFO - ChromTroller.py - Command received: start_hplc_run with data: None
11-09-58_24-10-2024  - INFO - ChromTroller.py - HPLC analysis initiated
11-09-58_24-10-2024  - INFO - ct_controller.py - {'HPLC_analysis': 'INITIATED'}
11-09-58_24-10-2024  - INFO - ct_controller.py - {'hardware_connection_check': {'Arduino': 'SUCCESS', 'Valve': 'SUCCESS', 'Phase_Sensor': 'SUCCESS', 'LCMS': 'SUCCESS'}}
11-09-58_24-10-2024  - INFO - ct_controller.py - {'filling_pos_check': 'SUCCESS'}
11-09-58_24-10-2024  - INFO - ct_controller.py - {'ps_sample_detection': 'BYPASSED'}
11-09-59_24-10-2024  - INFO - ct_controller.py - {'send_start_signal': 'SUCCESS'}
11-09-59_24-10-2024  - INFO - ct_controller.py - {'start_request_acknowledged': 'INITIATED'}
11-09-59_24-10-2024  - INFO - ct_controller.py - {'start_request_acknowledged': 'SUCCESS'}
11-09-59_24-10-2024  - INFO - ct_controller.py - {'start_signal': 'WAITING'}
11-10-20_24-10-2024  - INFO - ct_controller.py - {'start_signal': 'SUCCESS'}
11-10-20_24-10-2024  - INFO - ct_controller.py - {'valve_switched_to_load': 'INITIATED'}
11-10-20_24-10-2024  - INFO - ct_controller.py - {'valve_switched_to_load': 'SUCCESS'}
11-10-20_24-10-2024  - INFO - ct_controller.py - {'sample_loading': 'WAITING'}
11-10-45_24-10-2024  - INFO - ct_controller.py - {'sample_loading': 'SUCCESS'}
11-10-45_24-10-2024  - INFO - ct_controller.py - {'valve_returned_to_bypass': 'SUCCESS'}
11-10-45_24-10-2024  - INFO - ct_controller.py - {'analysis_cycle_started': 'SUCCESS'}
11-10-45_24-10-2024  - INFO - ChromTroller.py - HPLC analysis initiation: SUCCESS
11-10-45_24-10-2024  - INFO - ct_server.py - Response sent to client: SUCCESS
11-10-45_24-10-2024  - INFO - ChromTroller.py - Command received: start_file_monitoring with data: None
11-10-45_24-10-2024  - INFO - ChromTroller.py - Current results directory set to: D:\CDSProjects\Polymer_Degradation\Results\PS_optimisation_campaign_24October2024.rslt
11-10-45_24-10-2024  - INFO - ChromTroller.py - File Monitoring Started.
11-17-22_24-10-2024  - INFO - ct_monitor.py - New File identified by ct_monitor: Run17_sample36.dx
11-17-22_24-10-2024  - INFO - ct_monitor.py - Run17_sample36.dx
11-17-23_24-10-2024  - INFO - ChromTroller.py - New File Found: Run17_sample36.dx
11-17-23_24-10-2024  - INFO - ct_server.py - Response sent to client: Run17_sample36.dx
11-17-23_24-10-2024  - INFO - ChromTroller.py - Command received: run_data_analysis with data: 3.96
11-17-23_24-10-2024  - INFO - ChromTroller.py - Current results directory set to: D:\CDSProjects\Polymer_Degradation\Results\PS_optimisation_campaign_24October2024.rslt
11-17-23_24-10-2024  - INFO - ct_analyser.py - loaded analysis settings from json
11-17-23_24-10-2024  - INFO - ct_analyser.py - settings object created from analysis json
11-17-23_24-10-2024  - INFO - ct_analyser.py - Analyser Object Initialized Successfully
11-17-25_24-10-2024  - INFO - ChromTroller.py - Identified Peak: None
11-17-25_24-10-2024  - INFO - ct_server.py - Response sent to client: {'peak_rt': None, 'integral': None}
11-17-25_24-10-2024  - INFO - ct_server.py - Client disconnected at 11:17:25_24-10-2024
11-17-52_24-10-2024  - INFO - ct_server.py - Client connected at 11:17:52_24-10-2024
12-32-13_24-10-2024  - INFO - ChromTroller.py - Command received: new_run_name with data: 18
12-32-13_24-10-2024  - INFO - ChromTroller.py - New RunLog created: 18
12-32-13_24-10-2024  - INFO - ChromTroller.py - Command received: set_run_conc with data: 0.06625
12-32-13_24-10-2024  - INFO - ChromTroller.py - Command received: add_reagents with data: ['Polystyrene', 0.06625, 'tBuOOH', 8.25, 'NBS', 0.1125]
12-32-13_24-10-2024  - INFO - ChromTroller.py - RunLog updated with reagents: ['Polystyrene', 0.06625, 'tBuOOH', 8.25, 'NBS', 0.1125]
12-32-13_24-10-2024  - INFO - ChromTroller.py - Command received: add_reaction_conditions with data: {'residence_time': 3150.0, 'light_intensity': 76.25}
12-32-13_24-10-2024  - INFO - ChromTroller.py - RunLog updated with conditions: {'residence_time': 3150.0, 'light_intensity': 76.25}
12-32-13_24-10-2024  - INFO - ChromTroller.py - Command received: start_hplc_run with data: None
12-32-13_24-10-2024  - INFO - ChromTroller.py - HPLC analysis initiated
12-32-13_24-10-2024  - INFO - ct_controller.py - {'HPLC_analysis': 'INITIATED'}
12-32-13_24-10-2024  - INFO - ct_controller.py - {'hardware_connection_check': {'Arduino': 'SUCCESS', 'Valve': 'SUCCESS', 'Phase_Sensor': 'SUCCESS', 'LCMS': 'SUCCESS'}}
12-32-13_24-10-2024  - INFO - ct_controller.py - {'filling_pos_check': 'SUCCESS'}
12-32-13_24-10-2024  - INFO - ct_controller.py - {'ps_sample_detection': 'BYPASSED'}
12-32-13_24-10-2024  - INFO - ct_controller.py - {'send_start_signal': 'SUCCESS'}
12-32-13_24-10-2024  - INFO - ct_controller.py - {'start_request_acknowledged': 'INITIATED'}
12-32-13_24-10-2024  - INFO - ct_controller.py - {'start_request_acknowledged': 'SUCCESS'}
12-32-14_24-10-2024  - INFO - ct_controller.py - {'start_signal': 'WAITING'}
12-32-34_24-10-2024  - INFO - ct_controller.py - {'start_signal': 'SUCCESS'}
12-32-34_24-10-2024  - INFO - ct_controller.py - {'valve_switched_to_load': 'INITIATED'}
12-32-35_24-10-2024  - INFO - ct_controller.py - {'valve_switched_to_load': 'SUCCESS'}
12-32-35_24-10-2024  - INFO - ct_controller.py - {'sample_loading': 'WAITING'}
12-33-00_24-10-2024  - INFO - ct_controller.py - {'sample_loading': 'SUCCESS'}
12-33-00_24-10-2024  - INFO - ct_controller.py - {'valve_returned_to_bypass': 'SUCCESS'}
12-33-00_24-10-2024  - INFO - ct_controller.py - {'analysis_cycle_started': 'SUCCESS'}
12-33-00_24-10-2024  - INFO - ChromTroller.py - HPLC analysis initiation: SUCCESS
12-33-00_24-10-2024  - INFO - ct_server.py - Response sent to client: SUCCESS
12-33-00_24-10-2024  - INFO - ChromTroller.py - Command received: start_file_monitoring with data: None
12-33-00_24-10-2024  - INFO - ChromTroller.py - Current results directory set to: D:\CDSProjects\Polymer_Degradation\Results\PS_optimisation_campaign_24October2024.rslt
12-33-00_24-10-2024  - INFO - ChromTroller.py - File Monitoring Started.
12-39-38_24-10-2024  - INFO - ct_monitor.py - New File identified by ct_monitor: Run18_sample38.dx
12-39-38_24-10-2024  - INFO - ct_monitor.py - Run18_sample38.dx
12-39-38_24-10-2024  - INFO - ChromTroller.py - New File Found: Run18_sample38.dx
12-39-38_24-10-2024  - INFO - ct_server.py - Response sent to client: Run18_sample38.dx
12-39-38_24-10-2024  - INFO - ChromTroller.py - Command received: run_data_analysis with data: 3.96
12-39-38_24-10-2024  - INFO - ChromTroller.py - Current results directory set to: D:\CDSProjects\Polymer_Degradation\Results\PS_optimisation_campaign_24October2024.rslt
12-39-38_24-10-2024  - INFO - ct_analyser.py - loaded analysis settings from json
12-39-38_24-10-2024  - INFO - ct_analyser.py - settings object created from analysis json
12-39-38_24-10-2024  - INFO - ct_analyser.py - Analyser Object Initialized Successfully
12-39-40_24-10-2024  - INFO - ChromTroller.py - Identified Peak: None
12-39-40_24-10-2024  - INFO - ct_server.py - Response sent to client: {'peak_rt': None, 'integral': None}
12-39-40_24-10-2024  - INFO - ct_server.py - Client disconnected at 12:39:40_24-10-2024
12-40-07_24-10-2024  - INFO - ct_server.py - Client connected at 12:40:07_24-10-2024
13-54-28_24-10-2024  - INFO - ChromTroller.py - Command received: new_run_name with data: 19
13-54-28_24-10-2024  - INFO - ChromTroller.py - New RunLog created: 19
13-54-28_24-10-2024  - INFO - ChromTroller.py - Command received: set_run_conc with data: 0.043750000000000004
13-54-28_24-10-2024  - INFO - ChromTroller.py - Command received: add_reagents with data: ['Polystyrene', 0.043750000000000004, 'tBuOOH', 4.75, 'NBS', 0.2375]
13-54-28_24-10-2024  - INFO - ChromTroller.py - RunLog updated with reagents: ['Polystyrene', 0.043750000000000004, 'tBuOOH', 4.75, 'NBS', 0.2375]
13-54-28_24-10-2024  - INFO - ChromTroller.py - Command received: add_reaction_conditions with data: {'residence_time': 3150.0, 'light_intensity': 76.25}
13-54-28_24-10-2024  - INFO - ChromTroller.py - RunLog updated with conditions: {'residence_time': 3150.0, 'light_intensity': 76.25}
13-54-28_24-10-2024  - INFO - ChromTroller.py - Command received: start_hplc_run with data: None
13-54-28_24-10-2024  - INFO - ChromTroller.py - HPLC analysis initiated
13-54-28_24-10-2024  - INFO - ct_controller.py - {'HPLC_analysis': 'INITIATED'}
13-54-28_24-10-2024  - INFO - ct_controller.py - {'hardware_connection_check': {'Arduino': 'SUCCESS', 'Valve': 'SUCCESS', 'Phase_Sensor': 'SUCCESS', 'LCMS': 'SUCCESS'}}
13-54-28_24-10-2024  - INFO - ct_controller.py - {'filling_pos_check': 'SUCCESS'}
13-54-28_24-10-2024  - INFO - ct_controller.py - {'ps_sample_detection': 'BYPASSED'}
13-54-28_24-10-2024  - INFO - ct_controller.py - {'send_start_signal': 'SUCCESS'}
13-54-28_24-10-2024  - INFO - ct_controller.py - {'start_request_acknowledged': 'INITIATED'}
13-54-28_24-10-2024  - INFO - ct_controller.py - {'start_request_acknowledged': 'SUCCESS'}
13-54-29_24-10-2024  - INFO - ct_controller.py - {'start_signal': 'WAITING'}
13-54-49_24-10-2024  - INFO - ct_controller.py - {'start_signal': 'SUCCESS'}
13-54-49_24-10-2024  - INFO - ct_controller.py - {'valve_switched_to_load': 'INITIATED'}
13-54-49_24-10-2024  - INFO - ct_controller.py - {'valve_switched_to_load': 'SUCCESS'}
13-54-49_24-10-2024  - INFO - ct_controller.py - {'sample_loading': 'WAITING'}
13-55-14_24-10-2024  - INFO - ct_controller.py - {'sample_loading': 'SUCCESS'}
13-55-15_24-10-2024  - INFO - ct_controller.py - {'valve_returned_to_bypass': 'SUCCESS'}
13-55-15_24-10-2024  - INFO - ct_controller.py - {'analysis_cycle_started': 'SUCCESS'}
13-55-15_24-10-2024  - INFO - ChromTroller.py - HPLC analysis initiation: SUCCESS
13-55-15_24-10-2024  - INFO - ct_server.py - Response sent to client: SUCCESS
13-55-15_24-10-2024  - INFO - ChromTroller.py - Command received: start_file_monitoring with data: None
13-55-15_24-10-2024  - INFO - ChromTroller.py - Current results directory set to: D:\CDSProjects\Polymer_Degradation\Results\PS_optimisation_campaign_24October2024.rslt
13-55-15_24-10-2024  - INFO - ChromTroller.py - File Monitoring Started.
14-01-53_24-10-2024  - INFO - ct_monitor.py - New File identified by ct_monitor: Run19_sample40.dx
14-01-53_24-10-2024  - INFO - ct_monitor.py - Run19_sample40.dx
14-01-53_24-10-2024  - INFO - ChromTroller.py - New File Found: Run19_sample40.dx
14-01-53_24-10-2024  - INFO - ct_server.py - Response sent to client: Run19_sample40.dx
14-01-53_24-10-2024  - INFO - ChromTroller.py - Command received: run_data_analysis with data: 3.96
14-01-53_24-10-2024  - INFO - ChromTroller.py - Current results directory set to: D:\CDSProjects\Polymer_Degradation\Results\PS_optimisation_campaign_24October2024.rslt
14-01-53_24-10-2024  - INFO - ct_analyser.py - loaded analysis settings from json
14-01-53_24-10-2024  - INFO - ct_analyser.py - settings object created from analysis json
14-01-53_24-10-2024  - INFO - ct_analyser.py - Analyser Object Initialized Successfully
14-01-55_24-10-2024  - INFO - ChromTroller.py - Identified Peak: None
14-01-55_24-10-2024  - INFO - ct_server.py - Response sent to client: {'peak_rt': None, 'integral': None}
14-01-55_24-10-2024  - INFO - ct_server.py - Client disconnected at 14:01:55_24-10-2024
14-02-26_24-10-2024  - INFO - ct_server.py - Client connected at 14:02:26_24-10-2024
15-04-06_24-10-2024  - INFO - ChromTroller.py - Command received: new_run_name with data: 20
15-04-06_24-10-2024  - INFO - ChromTroller.py - New RunLog created: 20
15-04-06_24-10-2024  - INFO - ChromTroller.py - Command received: set_run_conc with data: 0.0996484375
15-04-06_24-10-2024  - INFO - ChromTroller.py - Command received: add_reagents with data: ['Polystyrene', 0.0996484375, 'tBuOOH', 3.02734375, 'NBS', 0.2208984375]
15-04-06_24-10-2024  - INFO - ChromTroller.py - RunLog updated with reagents: ['Polystyrene', 0.0996484375, 'tBuOOH', 3.02734375, 'NBS', 0.2208984375]
15-04-06_24-10-2024  - INFO - ChromTroller.py - Command received: add_reaction_conditions with data: {'residence_time': 2467.96875, 'light_intensity': 90.3515625}
15-04-06_24-10-2024  - INFO - ChromTroller.py - RunLog updated with conditions: {'residence_time': 2467.96875, 'light_intensity': 90.3515625}
15-04-06_24-10-2024  - INFO - ChromTroller.py - Command received: start_hplc_run with data: None
15-04-06_24-10-2024  - INFO - ChromTroller.py - HPLC analysis initiated
15-04-06_24-10-2024  - INFO - ct_controller.py - {'HPLC_analysis': 'INITIATED'}
15-04-06_24-10-2024  - INFO - ct_controller.py - {'hardware_connection_check': {'Arduino': 'SUCCESS', 'Valve': 'SUCCESS', 'Phase_Sensor': 'SUCCESS', 'LCMS': 'SUCCESS'}}
15-04-06_24-10-2024  - INFO - ct_controller.py - {'filling_pos_check': 'SUCCESS'}
15-04-06_24-10-2024  - INFO - ct_controller.py - {'ps_sample_detection': 'BYPASSED'}
15-04-06_24-10-2024  - INFO - ct_controller.py - {'send_start_signal': 'SUCCESS'}
15-04-06_24-10-2024  - INFO - ct_controller.py - {'start_request_acknowledged': 'INITIATED'}
15-04-06_24-10-2024  - INFO - ct_controller.py - {'start_request_acknowledged': 'SUCCESS'}
15-04-07_24-10-2024  - INFO - ct_controller.py - {'start_signal': 'WAITING'}
15-04-27_24-10-2024  - INFO - ct_controller.py - {'start_signal': 'SUCCESS'}
15-04-27_24-10-2024  - INFO - ct_controller.py - {'valve_switched_to_load': 'INITIATED'}
15-04-28_24-10-2024  - INFO - ct_controller.py - {'valve_switched_to_load': 'SUCCESS'}
15-04-28_24-10-2024  - INFO - ct_controller.py - {'sample_loading': 'WAITING'}
15-04-53_24-10-2024  - INFO - ct_controller.py - {'sample_loading': 'SUCCESS'}
15-04-53_24-10-2024  - INFO - ct_controller.py - {'valve_returned_to_bypass': 'SUCCESS'}
15-04-53_24-10-2024  - INFO - ct_controller.py - {'analysis_cycle_started': 'SUCCESS'}
15-04-53_24-10-2024  - INFO - ChromTroller.py - HPLC analysis initiation: SUCCESS
15-04-53_24-10-2024  - INFO - ct_server.py - Response sent to client: SUCCESS
15-04-53_24-10-2024  - INFO - ChromTroller.py - Command received: start_file_monitoring with data: None
15-04-53_24-10-2024  - INFO - ChromTroller.py - Current results directory set to: D:\CDSProjects\Polymer_Degradation\Results\PS_optimisation_campaign_24October2024.rslt
15-04-53_24-10-2024  - INFO - ChromTroller.py - File Monitoring Started.
15-11-31_24-10-2024  - INFO - ct_monitor.py - New File identified by ct_monitor: Run20_sample42.dx
15-11-31_24-10-2024  - INFO - ct_monitor.py - Run20_sample42.dx
15-11-31_24-10-2024  - INFO - ChromTroller.py - New File Found: Run20_sample42.dx
15-11-31_24-10-2024  - INFO - ct_server.py - Response sent to client: Run20_sample42.dx
15-11-31_24-10-2024  - INFO - ChromTroller.py - Command received: run_data_analysis with data: 3.96
15-11-31_24-10-2024  - INFO - ChromTroller.py - Current results directory set to: D:\CDSProjects\Polymer_Degradation\Results\PS_optimisation_campaign_24October2024.rslt
15-11-31_24-10-2024  - INFO - ct_analyser.py - loaded analysis settings from json
15-11-31_24-10-2024  - INFO - ct_analyser.py - settings object created from analysis json
15-11-31_24-10-2024  - INFO - ct_analyser.py - Analyser Object Initialized Successfully
15-11-34_24-10-2024  - INFO - ChromTroller.py - Identified Peak: {'peak_rt': 3.952, 'integral': 65780938.288600035}
15-11-34_24-10-2024  - INFO - ct_server.py - Response sent to client: {'peak_rt': 3.952, 'integral': 65780938.288600035}
15-11-34_24-10-2024  - INFO - ct_server.py - Client disconnected at 15:11:34_24-10-2024
